longitude,latitude,housing_median_age,total_rooms,total_bedrooms,population,households,median_income,median_house_value,ocean_proximity
-119.34196472167969,36.68600082397461,22,3567,663,2207,469,2.5002150535583496,80580,INLAND
-120.28573608398438,33.83078384399414,26,1567,705,2071,438,3.982490062713623,225672,NEAR OCEAN
-118.1003646850586,33.392337799072266,22,6211,504,2179,420,5.709616184234619,277242,<1H OCEAN
-119.01799774169922,36.7391357421875,25,3937,702,2549,516,2.6890220642089844,83969,INLAND
-118.796875,33.52621078491211,16,5750,471,2313,336,5.058168411254883,239498,<1H OCEAN
-119.47093200683594,36.57038116455078,21,4081,667,2265,528,2.4696757793426514,70914,INLAND
-119.30030822753906,36.68031692504883,22,4046,683,2274,534,2.496502637863159,74345,INLAND
-118.41635131835938,33.42795944213867,19,6189,438,2309,337,5.279333114624023,254172,<1H OCEAN
-117.90287780761719,33.32809066772461,23,6050,492,2336,329,5.434608459472656,271600,<1H OCEAN
-119.2365951538086,36.77605056762695,23,3805,676,2260,495,2.47182297706604,78563,INLAND
-119.30094909667969,36.69280242919922,22,4021,681,2273,530,2.4971747398376465,74505,INLAND
-119.16649627685547,36.55706024169922,25,4152,709,2611,540,2.7146503925323486,80981,INLAND
-119.11087036132812,36.542545318603516,26,3993,706,2682,517,2.7637338638305664,84657,INLAND
-119.12457275390625,36.912960052490234,22,4247,683,2332,547,2.4032466411590576,73269,INLAND
-119.09928894042969,36.41892623901367,28,4055,546,2909,424,3.4487686157226562,93788,INLAND
-118.42083740234375,33.4257926940918,19,6145,445,2246,361,5.354873180389404,257233,<1H OCEAN
-119.21312713623047,34.20107650756836,31,1779,759,2687,525,4.7045745849609375,290507,NEAR OCEAN
-121.29481506347656,36.653953552246094,33,3016,891,2615,972,2.9899003505706787,160728,NEAR BAY
-118.53960418701172,33.408809661865234,20,5921,483,2069,396,5.375794410705566,257899,<1H OCEAN
-117.9594497680664,33.20182800292969,26,6230,598,2197,364,5.607397556304932,280515,<1H OCEAN
-119.2895278930664,36.58664321899414,23,4134,693,2381,544,2.5704753398895264,75207,INLAND
-119.09757995605469,36.77262496948242,23,4571,718,2507,586,2.6159114837646484,74266,INLAND
-121.54774475097656,36.52162170410156,28,3075,859,2098,700,2.6574368476867676,110156,NEAR BAY
-121.50697326660156,36.38035202026367,31,2702,867,2314,882,2.825263500213623,131959,NEAR BAY
-118.4654541015625,33.539703369140625,18,6435,472,2294,396,5.490665435791016,259911,<1H OCEAN
-119.1506576538086,36.52512741088867,25,4011,706,2628,525,2.72082257270813,82706,INLAND
-119.0446548461914,36.58053970336914,26,4037,707,2655,523,2.752098798751831,85008,INLAND
-118.07008361816406,33.406009674072266,21,6247,481,2264,393,5.653883934020996,274545,<1H OCEAN
-118.17169189453125,33.31290817260742,23,5847,510,2171,356,5.392231464385986,265770,<1H OCEAN
-118.45954132080078,33.497581481933594,18,6392,480,2187,418,5.549507141113281,263311,<1H OCEAN
-117.35870361328125,33.28433609008789,26,6385,569,2371,389,6.003366470336914,302331,<1H OCEAN
-118.38018035888672,33.467689514160156,18,6521,437,2413,308,5.223230361938477,251060,<1H OCEAN
-119.40431213378906,36.61040496826172,22,4000,673,2242,526,2.4725775718688965,72645,INLAND
-118.31752014160156,33.3824348449707,21,5985,482,2171,381,5.433804988861084,263256,<1H OCEAN
-120.93912506103516,33.6202278137207,22,1399,652,1707,478,3.5578839778900146,193444,NEAR OCEAN
-118.2668685913086,33.4535026550293,20,6426,450,2292,386,5.540287494659424,266122,<1H OCEAN
-119.30653381347656,36.36821746826172,24,4026,697,2615,511,2.761223077774048,81268,INLAND
-121.69617462158203,36.27722930908203,26,2930,800,1954,623,2.5948612689971924,103604,NEAR BAY
-119.26598358154297,33.958763122558594,32,1989,916,2016,515,4.625284194946289,275672,NEAR OCEAN
-121.62975311279297,36.14003372192383,29,2481,809,2204,798,2.765221357345581,121115,NEAR BAY
-117.71144104003906,33.13610076904297,31,6973,715,2321,405,6.209902286529541,302869,<1H OCEAN
-118.24249267578125,33.361785888671875,21,5890,463,2317,308,5.234979629516602,256497,<1H OCEAN
-118.62418365478516,33.477882385253906,18,6190,469,2171,394,5.349080562591553,254002,<1H OCEAN
-119.20213317871094,36.75571060180664,23,4162,692,2320,550,2.498368740081787,74745,INLAND
-118.34298706054688,33.39986038208008,20,6102,440,2296,341,5.326977252960205,257169,<1H OCEAN
-121.47528839111328,36.38460922241211,30,2839,862,2406,879,2.8392040729522705,140863,NEAR BAY
-118.53108978271484,33.44583511352539,18,6222,444,2271,348,5.2476091384887695,251224,<1H OCEAN
-118.18017578125,33.37150573730469,21,6017,469,2280,345,5.406363487243652,263650,<1H OCEAN
-117.88953399658203,33.287078857421875,24,6070,546,2233,374,5.628169536590576,280235,<1H OCEAN
-119.35295104980469,34.1529655456543,31,1785,753,2558,479,4.602427005767822,278332,NEAR OCEAN
-119.29377746582031,36.6911506652832,22,4190,688,2331,552,2.527435779571533,73699,INLAND
-119.33358764648438,36.278438568115234,24,4303,691,2607,537,2.7988739013671875,79763,INLAND
-118.92767333984375,36.948875427246094,25,3873,697,2358,510,2.5714364051818848,83749,INLAND
-119.13764953613281,36.920448303222656,23,3984,682,2300,516,2.3982579708099365,77026,INLAND
-121.4452896118164,36.462581634521484,33,2642,865,2597,978,3.0176329612731934,152472,NEAR BAY
-119.08078002929688,37.118690490722656,22,4147,673,2397,536,2.293242931365967,75823,INLAND
-118.30377197265625,33.3938102722168,21,6028,457,2261,351,5.379673480987549,260053,<1H OCEAN
-119.19184112548828,36.90289306640625,22,4259,673,2356,544,2.3759818077087402,71118,INLAND
-121.59843444824219,36.281314849853516,29,2638,833,2176,784,2.7415218353271484,120090,NEAR BAY
-118.22163391113281,33.41298294067383,21,6185,455,2289,361,5.476379871368408,264767,<1H OCEAN
-121.23434448242188,36.76065444946289,31,3623,942,2424,907,2.904099941253662,146026,NEAR BAY
-118.09056091308594,33.30937957763672,23,5864,522,2173,358,5.462203502655029,269560,<1H OCEAN
-119.13652801513672,36.66766357421875,23,4451,719,2517,575,2.6451845169067383,75986,INLAND
-118.32471466064453,33.40544509887695,20,6031,467,2205,372,5.436156272888184,262535,<1H OCEAN
-119.2685546875,36.6086540222168,24,3607,661,2363,473,2.6800479888916016,82843,INLAND
-118.80348205566406,33.384395599365234,19,5706,441,2120,328,4.96829891204834,237762,<1H OCEAN
-117.8667221069336,33.33869934082031,23,6072,499,2331,342,5.51750373840332,274919,<1H OCEAN
-118.26146697998047,33.398014068603516,21,6082,453,2290,348,5.403597354888916,261406,<1H OCEAN
-120.62214660644531,34.04975128173828,25,1556,584,2019,332,3.768608570098877,209231,NEAR OCEAN
-121.56059265136719,36.31476593017578,30,2679,848,2219,837,2.776041030883789,125063,NEAR BAY
-119.1429214477539,36.936805725097656,23,4121,685,2365,531,2.442063093185425,76421,INLAND
-119.3359375,34.341156005859375,33,1894,808,2281,307,4.607320308685303,267658,NEAR OCEAN
-118.10405731201172,33.24661636352539,24,5655,553,2139,330,5.332440376281738,266290,<1H OCEAN
-118.5069808959961,33.544403076171875,17,6335,470,2310,384,5.429974555969238,256840,<1H OCEAN
-118.53398895263672,33.558963775634766,17,6073,475,2397,350,5.301066875457764,251590,<1H OCEAN
-118.98919677734375,33.55723190307617,15,5638,478,2183,376,5.103823661804199,236978,<1H OCEAN
-119.20626068115234,36.358177185058594,26,3676,655,2695,493,3.038567304611206,88467,INLAND
-118.32235717773438,33.4086799621582,20,6230,430,2326,342,5.342495441436768,257957,<1H OCEAN
-119.22999572753906,36.886566162109375,22,4101,674,2335,528,2.379868984222412,73610,INLAND
-121.43792724609375,36.495601654052734,32,2894,869,2516,953,2.9320015907287598,151759,NEAR BAY
-121.15894317626953,36.8779411315918,34,3296,939,2646,1000,3.0109455585479736,163315,NEAR BAY
-118.39869689941406,33.46902847290039,19,6459,441,2368,332,5.282944202423096,253498,<1H OCEAN
-119.17530822753906,36.679969787597656,24,3561,660,2372,469,2.689004421234131,84413,INLAND
-121.56148529052734,36.26384353637695,29,2773,822,2383,866,2.8261682987213135,144645,NEAR BAY
-117.91094970703125,33.308170318603516,24,5971,523,2252,353,5.54396390914917,275568,<1H OCEAN
-120.78258514404297,33.42280960083008,24,1582,732,1395,486,3.7009294033050537,205357,NEAR OCEAN
-119.06938934326172,36.674949645996094,25,3768,689,2556,493,2.750234842300415,84850,INLAND
-121.4780502319336,36.44914245605469,30,2976,875,2262,862,2.7969582080841064,131735,NEAR BAY
-118.7294692993164,33.4183464050293,18,5923,442,2151,351,5.114059925079346,244133,<1H OCEAN
-118.03031921386719,33.19156265258789,26,6133,622,2151,364,5.7005696296691895,280569,<1H OCEAN
-121.477294921875,36.554325103759766,30,2961,885,2236,792,2.757371187210083,119609,NEAR BAY
-121.58961486816406,36.28315353393555,29,2597,831,2182,760,2.7319376468658447,117840,NEAR BAY
-121.65965270996094,36.10478210449219,29,2384,793,2147,743,2.7552077770233154,116299,NEAR BAY
-118.65365600585938,33.38883590698242,19,5880,441,2165,335,5.081987380981445,244203,<1H OCEAN
-119.00211334228516,36.74443435668945,25,4300,727,2573,564,2.6620242595672607,80817,INLAND
-119.95982360839844,33.90229034423828,27,1644,711,2330,509,4.204487323760986,248462,NEAR OCEAN
-119.84564208984375,33.719154357910156,27,1659,804,2130,605,4.2413835525512695,251496,NEAR OCEAN
-117.60132598876953,33.32269287109375,25,6553,575,2244,443,6.096604824066162,301760,<1H OCEAN
-120.03883361816406,33.93535232543945,28,1771,793,1790,408,4.160854339599609,233634,NEAR OCEAN
-118.23455047607422,33.42837905883789,20,6284,453,2273,378,5.52385950088501,266406,<1H OCEAN
-118.29946899414062,33.37476348876953,21,6071,531,2068,434,5.772183418273926,275129,<1H OCEAN
-118.36508178710938,33.50348663330078,18,6372,456,2432,329,5.31132173538208,254797,<1H OCEAN
-119.40647888183594,36.63291931152344,21,4208,671,2324,538,2.4875025749206543,70941,INLAND
-119.20051574707031,36.75542449951172,23,3944,685,2301,517,2.495208978652954,77115,INLAND
-120.74617004394531,33.67897415161133,23,1425,670,1795,458,3.674516201019287,202060,NEAR OCEAN
-121.51715087890625,36.46403503417969,29,2889,872,2223,789,2.741999387741089,119862,NEAR BAY
-119.17211151123047,36.945762634277344,22,4074,677,2352,525,2.3915226459503174,75962,INLAND
-119.02727508544922,33.4879035949707,16,5965,440,2222,316,4.824016094207764,226965,<1H OCEAN
-118.75833892822266,33.37373733520508,19,5661,491,1975,384,5.19686222076416,248037,<1H OCEAN
-118.26226043701172,33.3912239074707,20,6100,444,2373,299,5.230481147766113,254894,<1H OCEAN
-119.69213104248047,34.08614730834961,30,1782,765,2282,393,4.367775917053223,253695,NEAR OCEAN
-117.53643035888672,33.20104217529297,27,6770,626,2380,407,6.0748162269592285,305144,<1H OCEAN
-120.12867736816406,33.89113998413086,27,1631,740,2056,417,4.07650089263916,232665,NEAR OCEAN
-119.25648498535156,36.612693786621094,23,4361,707,2423,562,2.5857300758361816,73563,INLAND
-118.4186019897461,33.39255905151367,20,5959,446,2259,335,5.25974702835083,253853,<1H OCEAN
-119.12689208984375,36.77714157104492,24,4109,696,2383,544,2.5548388957977295,78118,INLAND
-119.21524047851562,36.735469818115234,23,3802,680,2247,500,2.472445011138916,77998,INLAND
-119.49462127685547,36.19424057006836,24,4131,679,2623,505,2.8131613731384277,79399,INLAND
-120.75720977783203,33.507266998291016,21,1393,672,1960,654,3.627526044845581,211441,NEAR OCEAN
-119.4629135131836,36.4676399230957,22,3722,667,2260,489,2.554996967315674,76743,INLAND
-119.32730102539062,36.43777847290039,23,4240,706,2506,547,2.6841204166412354,76398,INLAND
-118.1641845703125,33.43178939819336,21,6338,471,2231,413,5.6697163581848145,273500,<1H OCEAN
-119.2931900024414,36.9127082824707,21,4065,664,2350,523,2.317549705505371,72754,INLAND
-120.15472412109375,33.959590911865234,27,1680,686,2031,435,4.097479820251465,230431,NEAR OCEAN
-119.32696533203125,36.884029388427734,21,4058,661,2341,521,2.3202946186065674,72075,INLAND
-120.19752502441406,33.75260543823242,26,1659,774,1852,500,4.038333415985107,229629,NEAR OCEAN
-118.9765853881836,36.922813415527344,23,4588,721,2486,590,2.551792860031128,74977,INLAND
-118.494140625,33.47382736206055,18,6253,455,2315,352,5.293358325958252,253087,<1H OCEAN
-121.6612319946289,36.09672927856445,29,2391,793,2160,755,2.7471773624420166,117929,NEAR BAY
-118.41012573242188,33.438743591308594,19,6237,444,2273,363,5.37560510635376,257916,<1H OCEAN
-121.60560607910156,36.27055358886719,29,2585,824,2154,752,2.728544235229492,116747,NEAR BAY
-118.14728546142578,33.36643981933594,22,5978,497,2204,368,5.51609468460083,268806,<1H OCEAN
-119.83560180664062,33.882408142089844,29,1816,831,1841,474,4.277159214019775,245954,NEAR OCEAN
-118.20604705810547,33.27937698364258,23,5978,571,2120,395,5.825468063354492,279379,<1H OCEAN
-120.49862670898438,33.672786712646484,23,1458,673,2038,550,3.825458288192749,218574,NEAR OCEAN
-119.3057861328125,36.597503662109375,23,3879,680,2314,512,2.5441131591796875,77645,INLAND
-119.15692901611328,36.959144592285156,22,4126,677,2346,532,2.3537211418151855,74114,INLAND
-117.53086853027344,33.17107391357422,28,6701,648,2352,389,6.103339672088623,304746,<1H OCEAN
-117.92118072509766,33.30738067626953,24,6001,515,2261,355,5.526041507720947,275078,<1H OCEAN
-119.54975128173828,36.29304885864258,22,4304,689,2551,532,2.6900529861450195,73375,INLAND
-118.04326629638672,33.39973068237305,22,6338,457,2332,368,5.588141441345215,271658,<1H OCEAN
-118.11042785644531,33.391876220703125,22,6144,508,2167,403,5.680360317230225,275372,<1H OCEAN
-118.63333129882812,33.49860382080078,17,5993,460,2376,313,5.082037448883057,242737,<1H OCEAN
-121.5924301147461,36.219757080078125,30,2641,825,2384,871,2.8379569053649902,139394,NEAR BAY
-118.98870849609375,37.08872985839844,23,4342,691,2402,553,2.383075714111328,74468,INLAND
-121.41621398925781,36.46524429321289,31,2926,875,2432,889,2.8743274211883545,144729,NEAR BAY
-118.31195068359375,33.45368957519531,19,6417,438,2339,358,5.425136089324951,260596,<1H OCEAN
-121.67611694335938,36.04146194458008,29,2163,776,2076,649,2.8574881553649902,108938,NEAR BAY
-118.8728256225586,36.8668212890625,26,4164,724,2589,549,2.6551363468170166,84256,INLAND
-118.36367797851562,33.40505599975586,20,6010,452,2233,355,5.364278316497803,258802,<1H OCEAN
-121.74747467041016,35.9479866027832,28,2349,761,2115,735,2.7124574184417725,115085,NEAR BAY
-118.05314636230469,33.38837814331055,21,6318,441,2394,335,5.470427989959717,266751,<1H OCEAN
-117.78793334960938,33.2464599609375,25,5956,563,2260,350,5.590404510498047,280964,<1H OCEAN
-120.26744842529297,33.916282653808594,25,1528,654,2329,440,3.9766924381256104,232440,NEAR OCEAN
-120.30540466308594,33.70698928833008,25,1584,760,1824,502,3.952321767807007,225501,NEAR OCEAN
-119.26335906982422,36.71524429321289,23,3726,673,2264,486,2.520930290222168,79971,INLAND
-119.67874145507812,33.79368591308594,29,1792,854,2010,554,4.357339859008789,257233,NEAR OCEAN
-119.39398956298828,36.55911636352539,23,3747,669,2272,491,2.547652244567871,77249,INLAND
-119.06695556640625,37.091835021972656,22,3860,687,2351,518,2.4309871196746826,82589,INLAND
-118.02630615234375,33.1801643371582,26,6155,613,2174,363,5.629996299743652,279087,<1H OCEAN
-118.47746276855469,33.353118896484375,20,5675,466,2202,324,5.145334720611572,250035,<1H OCEAN
-118.66454315185547,33.364139556884766,20,5807,480,2043,380,5.1605424880981445,249305,<1H OCEAN
-118.52234649658203,33.4420051574707,18,6180,443,2317,323,5.165198802947998,248218,<1H OCEAN
-118.47533416748047,33.26952362060547,22,5539,507,2114,315,5.027150630950928,249424,<1H OCEAN
-120.06253814697266,33.78813934326172,27,1606,754,2143,493,4.100961208343506,239141,NEAR OCEAN
-121.45755767822266,36.45130920410156,31,2781,885,2435,923,2.8859128952026367,141289,NEAR BAY
-118.89551544189453,37.008663177490234,25,4058,705,2387,534,2.5452418327331543,82059,INLAND
-119.20238494873047,36.71524429321289,23,4057,690,2335,537,2.519735813140869,76687,INLAND
-119.12457275390625,36.742557525634766,24,4273,706,2438,563,2.579308271408081,76592,INLAND
-119.38282012939453,36.785560607910156,20,4169,642,2331,517,2.345808744430542,68194,INLAND
-121.06686401367188,37.03447341918945,35,3394,961,2737,1051,3.074779748916626,171325,NEAR BAY
-118.86135864257812,37.19715118408203,24,3935,698,2328,521,2.452509641647339,83917,INLAND
-118.56023406982422,33.41703414916992,19,5990,455,2165,368,5.280641078948975,253144,<1H OCEAN
-119.54254150390625,34.083858489990234,30,1826,750,2505,443,4.458097457885742,265282,NEAR OCEAN
-121.2091293334961,36.745967864990234,32,3284,910,2564,952,2.979011297225952,163436,NEAR BAY
-119.3478012084961,36.525089263916016,22,4211,696,2389,547,2.5852437019348145,73697,INLAND
-118.51029205322266,33.415225982666016,19,6035,439,2239,348,5.2530059814453125,252160,<1H OCEAN
-121.56742095947266,36.270687103271484,29,2794,839,2327,847,2.7868027687072754,136485,NEAR BAY
-118.2883529663086,33.40544891357422,20,6009,470,2196,368,5.460048198699951,264174,<1H OCEAN
-118.31294250488281,33.366111755371094,21,5845,478,2207,351,5.336658000946045,259623,<1H OCEAN
-118.34778594970703,33.42578887939453,20,6169,456,2228,375,5.443559646606445,261944,<1H OCEAN
-118.3518295288086,33.27317810058594,23,5821,547,2087,366,5.340331077575684,263063,<1H OCEAN
-118.5176010131836,33.403968811035156,19,6057,426,2290,314,5.120423316955566,246998,<1H OCEAN
-119.12112426757812,33.93921661376953,31,1931,892,2331,573,4.709194183349609,288065,NEAR OCEAN
-121.46784973144531,36.42324447631836,31,2870,850,2476,920,2.8957698345184326,151586,NEAR BAY
-119.8534927368164,33.905670166015625,29,1761,795,2045,465,4.262694835662842,245521,NEAR OCEAN
-119.58380126953125,33.888641357421875,29,1765,805,2341,521,4.416880130767822,265492,NEAR OCEAN
-119.1701431274414,37.01826095581055,22,3704,678,2311,506,2.4264180660247803,82832,INLAND
-118.90037536621094,33.39540481567383,18,5739,434,2095,336,4.935013294219971,235161,<1H OCEAN
-118.76471710205078,33.362083435058594,19,5744,439,2120,321,4.9369940757751465,237767,<1H OCEAN
-119.13775634765625,36.893802642822266,23,4184,687,2328,541,2.428241014480591,74073,INLAND
-118.6150894165039,33.33159637451172,21,5682,494,2032,367,5.167361736297607,250033,<1H OCEAN
-121.52268981933594,36.439292907714844,29,2922,869,2216,830,2.759387731552124,125026,NEAR BAY
-118.1675033569336,33.36445236206055,22,6006,503,2180,382,5.5400824546813965,269654,<1H OCEAN
-118.10698699951172,33.366233825683594,22,6066,498,2210,386,5.576810359954834,272090,<1H OCEAN
-118.07559967041016,33.325828552246094,23,5950,505,2213,364,5.476719856262207,270143,<1H OCEAN
-119.20459747314453,36.62627410888672,24,3866,692,2383,510,2.5824897289276123,80274,INLAND
-118.58985137939453,33.386878967285156,20,5899,453,2138,353,5.175364971160889,248914,<1H OCEAN
-119.22888946533203,36.543025970458984,23,4314,714,2515,555,2.6553308963775635,76707,INLAND
-118.65046691894531,33.465248107910156,17,5946,453,2359,303,5.019534111022949,240687,<1H OCEAN
-119.3557357788086,36.68722152709961,22,3845,669,2232,498,2.4101674556732178,74501,INLAND
-118.50701141357422,33.42870330810547,19,6101,448,2209,368,5.319003105163574,254714,<1H OCEAN
-118.99868774414062,36.9588737487793,24,4252,705,2353,558,2.4861693382263184,76875,INLAND
-119.26077270507812,36.67552185058594,23,3867,681,2292,507,2.5189626216888428,77500,INLAND
-118.97117614746094,36.69442367553711,26,4059,714,2719,529,2.7584736347198486,86021,INLAND
-119.76433563232422,33.83450698852539,27,1675,763,2468,621,4.3295578956604,261830,NEAR OCEAN
-118.44669342041016,33.44384765625,19,6230,464,2160,404,5.469791412353516,261647,<1H OCEAN
-118.98104095458984,33.47467803955078,17,6098,433,2215,323,4.871190547943115,229456,<1H OCEAN
-120.38336944580078,33.97885513305664,23,1386,594,2286,589,3.9494166374206543,238984,NEAR OCEAN
-118.01011657714844,33.32122039794922,23,5905,498,2286,329,5.360908508300781,267595,<1H OCEAN
-121.64556884765625,36.3194465637207,28,2860,826,2056,725,2.668198347091675,112609,NEAR BAY
-118.55416107177734,33.41109848022461,20,6017,452,2156,365,5.2565789222717285,252273,<1H OCEAN
-118.44731903076172,33.38591766357422,20,5829,470,2144,357,5.318333148956299,256509,<1H OCEAN
-121.35118103027344,36.55815887451172,31,3122,893,2452,891,2.8773791790008545,147171,NEAR BAY
-117.47651672363281,33.16900634765625,28,6705,643,2348,382,6.024837493896484,303610,<1H OCEAN
-117.90274810791016,33.28673553466797,24,5901,528,2268,337,5.463894367218018,273698,<1H OCEAN
-119.26970672607422,36.45640182495117,24,3910,695,2573,514,2.7049262523651123,81426,INLAND
-119.32784271240234,36.29536819458008,24,4445,689,2496,556,2.758002758026123,77132,INLAND
-118.57164001464844,33.52569580078125,17,6113,481,2228,396,5.433858871459961,256535,<1H OCEAN
-119.21760559082031,36.88664245605469,22,3980,675,2320,514,2.4078147411346436,76435,INLAND
-118.31098937988281,33.40425491333008,20,6020,474,2185,381,5.466776371002197,264085,<1H OCEAN
-119.09098052978516,36.58516311645508,24,4474,728,2531,578,2.698953866958618,78290,INLAND
-121.40673065185547,36.52891159057617,32,2741,895,2333,894,2.8751466274261475,131630,NEAR BAY
-119.282470703125,36.46211242675781,24,3876,692,2536,509,2.684948682785034,81266,INLAND
-119.27880859375,36.61167526245117,23,4182,695,2379,548,2.5632288455963135,74771,INLAND
-119.19033813476562,36.76356887817383,23,3968,686,2316,520,2.5066215991973877,77332,INLAND
-117.95368194580078,33.31060791015625,24,6044,533,2200,379,5.614451885223389,277782,<1H OCEAN
-118.95960235595703,36.6607780456543,26,4035,711,2718,521,2.7930943965911865,87179,INLAND
-121.0672836303711,36.93503189086914,33,3657,948,2559,973,2.9828379154205322,173103,NEAR BAY
-119.11457061767578,36.802040100097656,23,4116,696,2347,545,2.5115551948547363,77204,INLAND
-121.43115997314453,36.55567932128906,30,3106,896,2309,906,2.8307156562805176,137476,NEAR BAY
-118.16386413574219,33.24464416503906,24,5909,546,2195,331,5.294236660003662,265818,<1H OCEAN
-119.14816284179688,36.89096450805664,23,4040,685,2322,522,2.43749737739563,76787,INLAND
-119.0888442993164,36.92197799682617,23,3818,683,2273,501,2.4704833030700684,81123,INLAND
-119.31371307373047,36.42183303833008,24,3977,699,2537,519,2.6850388050079346,79634,INLAND
-118.2881088256836,33.367340087890625,21,6063,516,2081,424,5.604830265045166,271099,<1H OCEAN
-117.94481658935547,33.16883850097656,27,6174,630,2156,345,5.647052764892578,280126,<1H OCEAN
-118.4198989868164,33.43317794799805,19,6138,465,2171,392,5.44788122177124,261272,<1H OCEAN
-118.94071960449219,37.13549041748047,24,3924,695,2357,515,2.508495330810547,84144,INLAND
-119.23600006103516,36.698944091796875,23,4038,687,2290,535,2.4844532012939453,75279,INLAND
-118.11166381835938,33.365814208984375,22,6106,506,2172,407,5.649721145629883,274887,<1H OCEAN
-118.425537109375,33.547977447509766,18,6518,462,2354,381,5.475906848907471,259295,<1H OCEAN
-119.6846923828125,34.65681076049805,29,2449,657,2158,455,4.434377193450928,301712,NEAR OCEAN
-120.01580810546875,33.80864334106445,28,1774,821,1739,488,4.16239595413208,237966,NEAR OCEAN
-119.30978393554688,36.75910568237305,22,3789,670,2248,492,2.443101167678833,77312,INLAND
-119.3330078125,36.46112823486328,23,4212,701,2415,542,2.613694667816162,74835,INLAND
-119.34300994873047,36.8000373840332,21,3819,669,2292,504,2.43045711517334,77243,INLAND
-118.81094360351562,33.45994567871094,17,6087,458,2123,377,5.155637264251709,244120,<1H OCEAN
-118.70396423339844,33.390899658203125,19,5702,465,2065,358,5.155336380004883,246877,<1H OCEAN
-121.84905242919922,35.8609733581543,25,2335,713,1929,536,2.6505777835845947,98953,NEAR BAY
-121.3306884765625,36.64070129394531,31,3064,917,2377,904,2.881342649459839,137590,NEAR BAY
-117.87358093261719,33.243804931640625,25,5928,558,2251,344,5.512994289398193,277129,<1H OCEAN
-118.06868743896484,33.30113983154297,23,5887,523,2183,362,5.478085994720459,270871,<1H OCEAN
-119.22755432128906,33.47107696533203,16,5943,440,2057,359,4.8179545402526855,224588,<1H OCEAN
-118.59226989746094,33.41590881347656,18,5934,445,2280,314,5.08961296081543,245272,<1H OCEAN
-119.53690338134766,36.06466293334961,22,4847,623,2268,555,2.8791651725769043,73149,INLAND
-119.31451416015625,36.739295959472656,22,3846,670,2253,498,2.424696922302246,75814,INLAND
-118.25376892089844,33.358848571777344,21,5957,465,2255,341,5.329923629760742,259990,<1H OCEAN
-118.67400360107422,33.466800689697266,18,6190,467,2135,395,5.307265758514404,251972,<1H OCEAN
-119.83199310302734,34.097408294677734,30,1773,808,1856,317,4.312329292297363,239803,NEAR OCEAN
-118.63227844238281,33.42853927612305,19,5976,458,2116,381,5.272121906280518,251568,<1H OCEAN
-119.13702392578125,36.923614501953125,22,4170,683,2326,534,2.380779504776001,73585,INLAND
-117.61865997314453,33.26523971557617,25,6138,540,2365,344,5.622853755950928,285055,<1H OCEAN
-119.11627960205078,36.857269287109375,23,4301,700,2362,565,2.504643678665161,75013,INLAND
-121.73920440673828,36.047367095947266,27,2608,791,2102,785,2.6758525371551514,122494,NEAR BAY
-119.7432861328125,33.969173431396484,29,1754,777,2198,449,4.3296685218811035,252794,NEAR OCEAN
-118.46089172363281,33.42457962036133,19,6152,433,2278,345,5.275710582733154,253398,<1H OCEAN
-118.29502868652344,33.386024475097656,21,5981,467,2244,355,5.389260768890381,260955,<1H OCEAN
-118.92782592773438,36.88282012939453,25,4235,722,2482,561,2.5839686393737793,80825,INLAND
-118.85183715820312,37.068397521972656,25,4161,711,2395,547,2.5151703357696533,80740,INLAND
-121.21997833251953,36.81156539916992,34,3107,939,2623,1011,3.018508195877075,155867,NEAR BAY
-118.29472351074219,33.25931930541992,23,5765,571,2031,372,5.458072662353516,267523,<1H OCEAN
-118.7146224975586,33.36332321166992,20,5866,499,1997,406,5.22441291809082,251688,<1H OCEAN
-119.28663635253906,37.037174224853516,20,3765,663,2279,521,2.288651704788208,80027,INLAND
-118.21365356445312,33.34495544433594,22,5904,486,2210,354,5.36317777633667,263173,<1H OCEAN
-118.90939331054688,33.40679931640625,18,5777,430,2136,323,4.898738384246826,233273,<1H OCEAN
-119.55802154541016,36.482173919677734,20,4658,674,2471,519,2.653677225112915,67643,INLAND
-119.79415130615234,36.060001373291016,22,3698,643,2390,470,2.6518001556396484,75908,INLAND
-118.75243377685547,33.37251663208008,19,5677,467,2041,365,5.0963521003723145,244414,<1H OCEAN
-118.9254150390625,33.392051696777344,18,5680,439,2067,340,4.931598663330078,234795,<1H OCEAN
-119.42610168457031,33.776180267333984,29,1818,876,2204,636,4.50433349609375,274510,NEAR OCEAN
-120.17343139648438,33.678531646728516,26,1577,777,1951,543,4.026970386505127,234013,NEAR OCEAN
-118.08438110351562,33.3925666809082,22,6145,492,2234,391,5.628957748413086,273872,<1H OCEAN
-118.29717254638672,33.362892150878906,21,5881,496,2149,367,5.434345245361328,263296,<1H OCEAN
-119.21764373779297,36.33977127075195,27,4227,667,2759,537,3.0267934799194336,87176,INLAND
-118.42129516601562,33.40595245361328,19,6069,434,2325,311,5.182617664337158,250758,<1H OCEAN
-121.47425079345703,36.40676498413086,31,2552,863,2300,827,2.855722665786743,124110,NEAR BAY
-121.67945861816406,36.15071105957031,27,2795,809,2042,789,2.681464910507202,124386,NEAR BAY
-119.26729583740234,37.067684173583984,19,3973,626,2276,507,2.25307559967041,76960,INLAND
-120.6762466430664,33.57927703857422,23,1428,703,1791,549,3.7105021476745605,208904,NEAR OCEAN
-119.58726501464844,33.96475601196289,30,1897,855,2023,450,4.410757541656494,258126,NEAR OCEAN
-121.62789154052734,36.214256286621094,27,2837,822,2142,782,2.6983795166015625,124350,NEAR BAY
-118.63897705078125,33.4410285949707,18,6107,441,2261,332,5.123595714569092,245386,<1H OCEAN
-118.47806549072266,33.46672439575195,18,6247,453,2324,347,5.282456874847412,252946,<1H OCEAN
-119.25334167480469,36.715660095214844,23,3908,682,2252,513,2.457174777984619,75753,INLAND
-119.08699798583984,36.8954963684082,24,3997,690,2357,521,2.5255215167999268,79832,INLAND
-118.28934478759766,33.42292022705078,20,6239,435,2357,330,5.342042446136475,258386,<1H OCEAN
-118.72975158691406,33.444705963134766,17,5940,446,2273,314,5.0006914138793945,239316,<1H OCEAN
-119.320068359375,36.872737884521484,20,4205,629,2332,511,2.273818254470825,68148,INLAND
-121.06550598144531,37.005271911621094,35,3357,949,2716,1034,3.0767431259155273,174806,NEAR BAY
-119.35392761230469,36.63059997558594,22,4088,679,2270,535,2.469421863555908,72613,INLAND
-118.49516296386719,33.41082000732422,19,5994,445,2223,351,5.27430534362793,253497,<1H OCEAN
-120.35202026367188,33.953285217285156,25,1419,612,2269,471,3.9448156356811523,230446,NEAR OCEAN
-119.44944763183594,36.37321853637695,23,3874,682,2375,513,2.606049060821533,77061,INLAND
-121.53253936767578,36.297061920166016,28,2896,845,2250,813,2.7648890018463135,131561,NEAR BAY
-119.35708618164062,36.710411071777344,22,3993,669,2262,516,2.4072072505950928,72119,INLAND
-118.14976501464844,33.372291564941406,22,6112,510,2145,413,5.655372142791748,274546,<1H OCEAN
-121.3774185180664,36.587745666503906,30,3183,867,2323,912,2.8636434078216553,155648,NEAR BAY
-121.56425476074219,36.3487434387207,31,2786,852,2322,893,2.8010590076446533,129662,NEAR BAY
-119.36483764648438,36.660133361816406,22,4136,675,2283,539,2.47113037109375,72003,INLAND
-117.68595123291016,33.147010803222656,29,6732,653,2283,364,5.928333282470703,295840,<1H OCEAN
-119.85694122314453,34.09743118286133,27,1497,659,2466,528,4.287091255187988,259380,NEAR OCEAN
-118.14191436767578,33.41166305541992,21,6343,437,2371,352,5.494328498840332,266142,<1H OCEAN
-118.6875228881836,33.54450988769531,16,5900,479,2282,372,5.292129993438721,249156,<1H OCEAN
-118.04454803466797,33.37445831298828,22,6134,507,2200,397,5.676792144775391,276454,<1H OCEAN
-119.81398010253906,33.91051483154297,30,1902,842,1746,450,4.313180923461914,244866,NEAR OCEAN
-118.47351837158203,33.40774917602539,19,6016,439,2264,334,5.230955123901367,252026,<1H OCEAN
-118.86414337158203,33.4835205078125,16,5794,456,2287,310,4.912942409515381,233528,<1H OCEAN
-118.45816040039062,33.510257720947266,18,6390,473,2256,397,5.482754707336426,260660,<1H OCEAN
-119.23155975341797,36.862396240234375,22,4085,678,2333,525,2.411309242248535,74502,INLAND
-118.3465805053711,33.40613555908203,20,6060,485,2139,409,5.520105361938477,266240,<1H OCEAN
-119.91856384277344,33.840476989746094,29,1857,847,1721,400,4.232558250427246,240891,NEAR OCEAN
-119.34638214111328,34.20734786987305,31,1807,754,2610,427,4.577406883239746,277962,NEAR OCEAN
-120.20785522460938,34.206573486328125,27,1710,631,2107,309,4.03140926361084,228808,NEAR OCEAN
-119.00469207763672,36.900421142578125,24,4177,705,2377,552,2.516676187515259,78414,INLAND
-119.13890075683594,36.84468460083008,23,4147,693,2318,543,2.478529930114746,75517,INLAND
-118.06827545166016,33.403472900390625,21,6383,450,2338,365,5.561219692230225,270259,<1H OCEAN
-118.12466430664062,33.369022369384766,22,6024,484,2256,362,5.487706661224365,268150,<1H OCEAN
-118.25615692138672,33.413761138916016,20,6172,450,2292,357,5.44364595413208,262979,<1H OCEAN
-118.58858489990234,33.35081100463867,20,5764,445,2187,306,4.997111797332764,242526,<1H OCEAN
-119.43769836425781,36.49227523803711,22,3835,672,2256,507,2.510338068008423,75177,INLAND
-119.76254272460938,33.860416412353516,27,1693,759,2324,592,4.341065406799316,259903,NEAR OCEAN
-119.8916015625,33.83296585083008,29,1870,849,1740,453,4.242132663726807,242816,NEAR OCEAN
-118.41780853271484,33.45293045043945,19,6372,441,2271,373,5.398377895355225,258378,<1H OCEAN
-119.15087127685547,36.79355239868164,24,3869,685,2289,509,2.4976062774658203,78767,INLAND
-119.2431411743164,36.73971939086914,22,4176,689,2314,549,2.4966001510620117,74052,INLAND
-119.08000946044922,36.92539596557617,24,3821,684,2278,501,2.4759521484375,81302,INLAND
-119.04512023925781,33.433284759521484,17,6153,410,2183,320,4.782042503356934,223774,<1H OCEAN
-121.21627807617188,36.79722595214844,34,3060,902,2731,1030,3.080766439437866,174692,NEAR BAY
-119.81118774414062,33.8687858581543,28,1729,805,2074,478,4.265035629272461,250185,NEAR OCEAN
-119.3246078491211,36.34725570678711,24,4324,705,2566,540,2.742910385131836,78126,INLAND
-118.43212890625,33.30586624145508,22,5654,503,2096,339,5.172047138214111,253699,<1H OCEAN
-121.62438201904297,36.15508270263672,30,2502,799,2449,883,2.8829214572906494,145281,NEAR BAY
-121.15199279785156,36.858314514160156,35,3052,916,2776,1041,3.1187210083007812,174614,NEAR BAY
-118.25303649902344,33.38628005981445,21,6016,462,2277,347,5.396899223327637,261617,<1H OCEAN
-119.61499786376953,34.21924591064453,29,1619,682,2525,437,4.408536434173584,268762,NEAR OCEAN
-118.6630859375,33.49381637573242,17,5998,463,2306,340,5.156375408172607,245497,<1H OCEAN
-119.48493194580078,36.20258331298828,25,3642,558,2748,405,3.1671345233917236,86085,INLAND
-118.47785186767578,33.44999694824219,18,6295,442,2319,333,5.230100631713867,251017,<1H OCEAN
-119.5011978149414,36.503509521484375,22,3891,668,2217,515,2.49888277053833,72787,INLAND
-119.83496856689453,33.8477783203125,28,1681,789,2154,493,4.2498955726623535,250352,NEAR OCEAN
-121.17822265625,36.856849670410156,34,3220,937,2650,1009,3.022456645965576,162122,NEAR BAY
-118.57475280761719,33.46343231201172,18,6188,450,2297,340,5.192310333251953,248226,<1H OCEAN
-120.99182891845703,37.088417053222656,38,2920,942,3105,1104,3.328925848007202,215788,NEAR BAY
-121.47129821777344,36.476871490478516,29,3047,877,2296,833,2.7848258018493652,129446,NEAR BAY
-118.03034210205078,33.368160247802734,22,6188,456,2368,328,5.428221702575684,266585,<1H OCEAN
-119.81656646728516,33.882476806640625,27,1686,749,2335,518,4.291227340698242,254871,NEAR OCEAN
-118.19470977783203,33.38713455200195,21,6037,486,2204,384,5.536157131195068,268656,<1H OCEAN
-120.06674194335938,33.745784759521484,27,1657,789,1902,522,4.109253406524658,237212,NEAR OCEAN
-118.13822937011719,33.40090560913086,21,6227,466,2278,374,5.5487823486328125,269177,<1H OCEAN
-119.13459014892578,36.919158935546875,23,3910,682,2288,509,2.4322710037231445,78719,INLAND
-118.41128540039062,33.51604080200195,18,6452,455,2391,344,5.338983058929443,254880,<1H OCEAN
-118.09575653076172,33.33456802368164,22,5916,487,2276,332,5.343981742858887,264692,<1H OCEAN
-118.22212219238281,33.30026626586914,23,5956,562,2073,401,5.674899101257324,274965,<1H OCEAN
-119.25552368164062,36.4743537902832,24,3942,698,2542,517,2.6689023971557617,80626,INLAND
-119.95186614990234,34.148406982421875,27,1563,641,2459,435,4.1812334060668945,254062,NEAR OCEAN
-121.29242706298828,36.60626983642578,34,2744,862,2725,996,3.105557918548584,175605,NEAR BAY
-119.22264099121094,36.87239074707031,22,3750,675,2268,494,2.468879461288452,80190,INLAND
-119.38089752197266,36.77061462402344,21,3632,664,2249,488,2.4535417556762695,79468,INLAND
-118.34867095947266,33.47992706298828,19,6316,496,2094,442,5.714407920837402,271416,<1H OCEAN
-119.26591491699219,36.59857177734375,22,4783,714,2615,575,2.7353174686431885,71595,INLAND
-119.70117950439453,33.78642272949219,28,1711,801,2262,592,4.343735218048096,260208,NEAR OCEAN
-119.64805603027344,33.6969108581543,27,1749,851,2069,672,4.3686628341674805,263122,NEAR OCEAN
-118.23214721679688,33.431068420410156,20,6347,437,2337,360,5.475381851196289,264148,<1H OCEAN
-119.2667465209961,36.428775787353516,25,3635,634,2762,459,3.0058753490448,85709,INLAND
-118.16336822509766,33.42301559448242,20,6334,436,2428,314,5.3670148849487305,261054,<1H OCEAN
-118.2829360961914,33.426937103271484,20,6255,438,2323,349,5.409384250640869,261019,<1H OCEAN
-119.14849853515625,36.7090950012207,24,3708,678,2373,487,2.653218984603882,82867,INLAND
-119.23468017578125,36.755897521972656,22,4155,682,2287,541,2.4308669567108154,72995,INLAND
-119.45208740234375,36.455589294433594,22,4051,683,2316,530,2.551124095916748,73110,INLAND
-119.67901611328125,33.76359558105469,28,1771,864,1922,586,4.358817100524902,258285,NEAR OCEAN
-119.71299743652344,35.96699142456055,20,5320,587,2174,520,2.9291930198669434,67389,INLAND
-119.06493377685547,36.457515716552734,25,4859,689,2592,596,2.866687774658203,80431,INLAND
-118.15914916992188,33.41542434692383,21,6231,454,2317,362,5.526731967926025,267495,<1H OCEAN
-119.0891342163086,36.77791976928711,22,4943,698,2598,580,2.6516835689544678,71036,INLAND
-118.54061889648438,33.39469909667969,20,6090,420,2273,318,5.100311279296875,246129,<1H OCEAN
-118.62848663330078,37.44756317138672,23,5252,712,2716,616,2.499398708343506,73979,INLAND
-117.98384857177734,33.31660079956055,23,5955,512,2244,354,5.4995222091674805,272665,<1H OCEAN
-118.56500244140625,33.390071868896484,20,6031,438,2185,347,5.166130065917969,248785,<1H OCEAN
-118.06122589111328,33.232391357421875,25,5739,569,2114,339,5.405224800109863,269698,<1H OCEAN
-121.42932891845703,36.474185943603516,30,2923,884,2311,871,2.8368825912475586,134637,NEAR BAY
-119.06339263916016,36.561092376708984,26,4183,716,2712,539,2.792996406555176,83891,INLAND
-119.87047576904297,33.652828216552734,27,1721,874,1787,594,4.197112083435059,252550,NEAR OCEAN
-121.19038391113281,36.82380294799805,34,3132,929,2677,1014,3.0467095375061035,163485,NEAR BAY
-119.32099914550781,36.568111419677734,23,3902,681,2321,516,2.542208194732666,77227,INLAND
-119.74918365478516,35.9368896484375,24,3730,562,2675,394,3.0855655670166016,83194,INLAND
-119.11227416992188,36.761287689208984,24,4119,701,2380,548,2.536675214767456,77470,INLAND
-118.11682891845703,33.41017150878906,21,6223,482,2241,400,5.650935173034668,273860,<1H OCEAN
-118.91929626464844,34.173362731933594,33,1996,856,2642,468,4.850842475891113,298064,NEAR OCEAN
-118.59896850585938,33.429752349853516,19,6073,469,2071,413,5.378005027770996,256718,<1H OCEAN
-118.06000518798828,33.37797927856445,22,6190,493,2222,397,5.629699230194092,274848,<1H OCEAN
-118.50458526611328,33.371341705322266,20,5816,500,2050,382,5.373623847961426,258019,<1H OCEAN
-118.12999725341797,33.27593231201172,24,5970,574,2092,390,5.632884502410889,276459,<1H OCEAN
-120.38846588134766,33.877281188964844,26,1585,708,1858,409,3.949373722076416,217263,NEAR OCEAN
-119.05160522460938,36.878211975097656,24,3564,642,2427,482,2.7350075244903564,89175,INLAND
-118.1183090209961,33.38925552368164,22,6139,487,2234,388,5.593234539031982,271976,<1H OCEAN
-121.2139892578125,36.76144790649414,33,3222,919,2585,961,2.9737651348114014,159375,NEAR BAY
-120.27692413330078,33.841373443603516,26,1607,726,2002,435,3.9918949604034424,224512,NEAR OCEAN
-119.1156005859375,37.26411056518555,19,4303,606,2349,506,2.2215301990509033,77438,INLAND
-119.68128204345703,33.95512771606445,30,1815,819,2062,459,4.370742321014404,254177,NEAR OCEAN
-119.5589370727539,36.577327728271484,20,4253,639,2338,502,2.4669623374938965,67830,INLAND
-121.4894027709961,36.6296501159668,29,3193,889,2148,770,2.7120792865753174,115800,NEAR BAY
-119.62788391113281,36.37724304199219,20,4290,667,2416,524,2.568265914916992,68121,INLAND
-118.97405242919922,36.712120056152344,26,3841,667,2819,496,2.985764980316162,88330,INLAND
-118.42314910888672,33.46621322631836,18,6235,456,2313,360,5.370264053344727,257421,<1H OCEAN
-119.14307403564453,36.89559555053711,23,4159,686,2335,539,2.4428563117980957,74409,INLAND
-117.7977294921875,33.32996368408203,24,6174,508,2306,366,5.638689041137695,280890,<1H OCEAN
-118.37384033203125,33.4625129699707,19,6410,447,2300,370,5.43135929107666,260164,<1H OCEAN
-120.10993194580078,36.154022216796875,17,3590,613,2182,464,2.4205305576324463,64034,INLAND
-119.1629867553711,36.79204559326172,23,4043,690,2312,531,2.4977192878723145,76732,INLAND
-118.63521575927734,37.209136962890625,26,4050,713,2502,534,2.6579601764678955,88307,INLAND
-117.93862915039062,33.366275787353516,23,6208,501,2254,392,5.674389362335205,278742,<1H OCEAN
-118.17524719238281,33.43598556518555,20,6353,454,2292,384,5.586878776550293,269508,<1H OCEAN
-117.94404602050781,33.28113555908203,24,5960,527,2246,357,5.513838768005371,275083,<1H OCEAN
-118.2918701171875,33.41984558105469,20,6105,463,2214,378,5.485187530517578,264714,<1H OCEAN
-118.45225524902344,33.444053649902344,19,6284,442,2248,372,5.3703131675720215,257061,<1H OCEAN
-117.95435333251953,33.288368225097656,24,5899,525,2246,342,5.455783843994141,272476,<1H OCEAN
-118.57804107666016,33.363807678222656,20,5697,462,2154,330,5.1060380935668945,246544,<1H OCEAN
-119.35111999511719,36.6417121887207,22,4049,678,2266,534,2.4871153831481934,73320,INLAND
-118.99518585205078,36.974430084228516,24,4005,696,2300,528,2.445417881011963,78643,INLAND
-118.48048400878906,33.45563888549805,19,6196,477,2102,418,5.493044376373291,262309,<1H OCEAN
-121.5125961303711,36.35572052001953,29,2905,850,2353,863,2.8113911151885986,140751,NEAR BAY
-120.01817321777344,33.84151077270508,27,1646,756,2127,469,4.140769958496094,239990,NEAR OCEAN
-120.48407745361328,33.803314208984375,25,1527,693,1909,432,3.8732810020446777,213722,NEAR OCEAN
-120.18380737304688,33.680030822753906,25,1522,735,2169,594,4.0234856605529785,236555,NEAR OCEAN
-118.94987487792969,36.62726974487305,26,4223,717,2723,551,2.808828592300415,85667,INLAND
-118.39430236816406,33.4344367980957,20,6184,463,2187,394,5.470816135406494,262290,<1H OCEAN
-118.80327606201172,36.77817153930664,26,4573,739,2643,597,2.730804204940796,83072,INLAND
-118.75542449951172,33.60602569580078,15,5694,489,2299,391,5.335564613342285,248143,<1H OCEAN
-119.32425689697266,36.62953186035156,22,4211,689,2343,550,2.5396029949188232,73098,INLAND
-119.03076171875,37.11753463745117,22,4264,682,2417,546,2.310040235519409,74709,INLAND
-121.4611587524414,36.444820404052734,30,2898,876,2348,879,2.8264315128326416,136234,NEAR BAY
-117.7197494506836,33.28485107421875,25,6028,524,2347,336,5.526691913604736,279333,<1H OCEAN
-118.12844848632812,33.4389533996582,21,6524,434,2374,369,5.563920021057129,268795,<1H OCEAN
-119.39241790771484,36.52780532836914,21,4487,688,2499,552,2.612060546875,70153,INLAND
-118.27851867675781,33.40176010131836,20,6128,439,2364,315,5.288152694702148,256751,<1H OCEAN
-120.16854858398438,33.7420654296875,26,1557,748,2021,513,4.036097049713135,233208,NEAR OCEAN
-121.40665435791016,36.50560760498047,31,2986,861,2473,916,2.8968451023101807,155079,NEAR BAY
-119.5107421875,36.602874755859375,21,3767,663,2257,499,2.5024492740631104,75181,INLAND
-119.57051086425781,33.931243896484375,32,1883,908,1717,305,4.490755081176758,253671,NEAR OCEAN
-118.1123046875,33.413177490234375,21,6301,455,2323,367,5.561358451843262,269428,<1H OCEAN
-121.46678924560547,36.54478073120117,30,2757,870,2235,767,2.7970597743988037,117637,NEAR BAY
-119.37928009033203,36.44660186767578,23,3901,686,2381,519,2.5997395515441895,77568,INLAND
-119.74849700927734,36.14436340332031,22,3733,655,2281,486,2.577690362930298,73940,INLAND
-118.33116149902344,33.4054069519043,21,6087,486,2136,414,5.540360927581787,267396,<1H OCEAN
-118.86723327636719,36.85984802246094,26,3842,682,2627,500,2.833034038543701,88584,INLAND
-118.27754211425781,33.1351432800293,28,6474,686,2180,375,5.749897480010986,277320,<1H OCEAN
-118.5141372680664,33.421119689941406,19,5979,462,2136,379,5.343838691711426,256261,<1H OCEAN
-119.4242172241211,36.12903594970703,24,4460,658,2480,542,2.8796727657318115,80447,INLAND
-120.41363525390625,33.814796447753906,24,1436,645,2253,532,3.905853033065796,227902,NEAR OCEAN
-118.37643432617188,33.47828674316406,19,6542,439,2372,342,5.33780574798584,255709,<1H OCEAN
-119.37053680419922,36.66679382324219,22,3991,672,2253,520,2.44189453125,72621,INLAND
-119.34932708740234,36.87358093261719,21,3562,657,2242,495,2.3532121181488037,79634,INLAND
-120.3690185546875,34.045379638671875,24,1464,591,2274,490,3.9186055660247803,237075,NEAR OCEAN
-120.32907104492188,33.91764450073242,27,1660,744,1698,367,3.998020648956299,218651,NEAR OCEAN
-118.14022064208984,33.38716125488281,21,6137,480,2244,380,5.5502424240112305,269819,<1H OCEAN
-119.81158447265625,33.98914337158203,28,1746,742,2325,442,4.287223815917969,249856,NEAR OCEAN
-119.28524780273438,36.73687744140625,23,3449,618,2384,464,2.7043237686157227,89033,INLAND
-119.00320434570312,33.48971176147461,17,6183,442,2138,365,4.997532367706299,234193,<1H OCEAN
-118.2842025756836,33.414337158203125,20,6218,434,2351,331,5.341761589050293,258377,<1H OCEAN
-118.24654388427734,33.3325309753418,22,5759,489,2220,329,5.241652965545654,258660,<1H OCEAN
-118.26448822021484,33.26858139038086,23,5938,563,2092,392,5.516878604888916,270949,<1H OCEAN
-119.14275360107422,36.94911193847656,22,4245,684,2374,545,2.419259786605835,73587,INLAND
-119.36061096191406,33.83531188964844,30,1889,912,2035,574,4.552915096282959,274988,NEAR OCEAN
-119.05628967285156,36.80274200439453,24,3951,700,2358,521,2.5525166988372803,80916,INLAND
-118.46973419189453,33.386905670166016,20,5973,463,2152,362,5.273396015167236,254652,<1H OCEAN
-118.40106964111328,33.37342071533203,21,5866,477,2164,365,5.333808422088623,258069,<1H OCEAN
-119.05229187011719,36.955074310302734,23,4279,696,2359,557,2.457498788833618,75066,INLAND
-118.45671081542969,33.39055252075195,20,5886,492,2054,390,5.4370832443237305,260994,<1H OCEAN
-119.09498596191406,36.90806579589844,22,4452,694,2399,568,2.456831455230713,72887,INLAND
-118.23595428466797,33.382625579833984,21,5992,475,2244,359,5.435027122497559,263852,<1H OCEAN
-118.34302520751953,33.4136848449707,20,6104,478,2155,407,5.521542549133301,265991,<1H OCEAN
-119.8354721069336,33.78700256347656,28,1696,809,2035,544,4.256892204284668,249472,NEAR OCEAN
-118.42134857177734,33.48030471801758,18,6368,449,2383,330,5.264499187469482,252559,<1H OCEAN
-119.27488708496094,36.71016311645508,22,4186,687,2312,549,2.4935972690582275,73427,INLAND
-121.56538391113281,36.40058517456055,29,2783,847,2147,773,2.737551689147949,117229,NEAR BAY
-119.20821380615234,36.656715393066406,23,4126,696,2403,547,2.5723156929016113,76842,INLAND
-118.21215057373047,33.394168853759766,21,6081,475,2239,374,5.500467777252197,266594,<1H OCEAN
-118.39414978027344,33.436241149902344,19,6248,441,2312,346,5.329422950744629,256377,<1H OCEAN
-118.3455810546875,33.52656555175781,18,6544,462,2358,378,5.507340431213379,262196,<1H OCEAN
-119.36253356933594,36.644683837890625,22,3904,675,2251,510,2.4689953327178955,74257,INLAND
-121.35151672363281,36.5221061706543,33,2682,853,2673,972,3.0599634647369385,168069,NEAR BAY
-121.70426177978516,36.14744186401367,27,2537,773,2027,576,2.700700283050537,101861,NEAR BAY
-118.24877166748047,33.413177490234375,20,6131,464,2240,375,5.500898838043213,265768,<1H OCEAN
-119.16620635986328,36.55785369873047,25,3617,641,2672,467,2.9399452209472656,87084,INLAND
-118.36189270019531,33.450927734375,19,6377,442,2292,371,5.428928375244141,260343,<1H OCEAN
-119.04186248779297,36.38899230957031,25,5016,679,2486,601,2.9797115325927734,84530,INLAND
-120.65803527832031,33.57925033569336,21,1383,678,2121,635,3.713223695755005,217602,NEAR OCEAN
-117.8514175415039,33.354732513427734,23,6188,509,2286,381,5.696395397186279,281059,<1H OCEAN
-119.13182067871094,36.68061447143555,24,3941,701,2399,522,2.571978807449341,80702,INLAND
-118.28199768066406,33.461605072021484,19,6531,426,2388,348,5.414217948913574,260039,<1H OCEAN
-121.30938720703125,36.64179992675781,33,2870,920,2542,963,2.965376853942871,147704,NEAR BAY
-119.82415771484375,35.97577667236328,22,3498,607,2506,422,2.8355331420898438,78251,INLAND
-118.90088653564453,33.41967010498047,17,6058,427,2224,288,4.787679672241211,228064,<1H OCEAN
-119.4665756225586,33.854854583740234,31,1996,924,1810,500,4.495577812194824,265662,NEAR OCEAN
-119.31866455078125,36.674503326416016,22,4370,682,2393,548,2.4917452335357666,70808,INLAND
-117.88459014892578,33.31349563598633,24,6066,526,2234,374,5.631953239440918,279308,<1H OCEAN
-118.30810546875,33.391361236572266,21,6049,446,2297,336,5.330844402313232,257847,<1H OCEAN
-120.44184112548828,33.67255783081055,25,1667,773,1575,505,3.891160726547241,218484,NEAR OCEAN
-118.45328521728516,33.4505615234375,18,6127,452,2355,328,5.235990047454834,252111,<1H OCEAN
-119.92121124267578,34.051185607910156,28,1706,697,2286,408,4.2202301025390625,244914,NEAR OCEAN
-118.22785949707031,33.45538330078125,20,6460,455,2275,398,5.601158142089844,269246,<1H OCEAN
-119.2271728515625,36.907833099365234,22,4163,669,2351,533,2.3574302196502686,72156,INLAND
-118.07445526123047,33.41284942626953,21,6280,471,2294,383,5.631936073303223,273144,<1H OCEAN
-120.2677993774414,33.76874923706055,24,1543,685,2196,560,4.002105712890625,232982,NEAR OCEAN
-118.37748718261719,33.44170379638672,19,6312,437,2298,360,5.381284236907959,258392,<1H OCEAN
-118.98184204101562,37.05780792236328,23,4294,696,2378,551,2.4039011001586914,75444,INLAND
-119.12478637695312,36.85077667236328,23,3980,689,2324,520,2.493650197982788,78261,INLAND
-118.09351348876953,33.18144989013672,26,6107,597,2138,349,5.4736456871032715,273363,<1H OCEAN
-118.09578704833984,33.25088119506836,24,5905,583,2077,364,5.598231792449951,275199,<1H OCEAN
-119.2336654663086,36.40279769897461,24,4515,699,2530,569,2.7688825130462646,77578,INLAND
-119.11397552490234,36.687110900878906,24,4339,717,2475,562,2.6028683185577393,76835,INLAND
-119.18653869628906,36.70927047729492,24,3889,689,2308,514,2.527730941772461,78912,INLAND
-121.58894348144531,36.279205322265625,29,2388,819,2161,697,2.751830816268921,112978,NEAR BAY
-121.35272216796875,36.620765686035156,32,3041,892,2544,965,2.947639226913452,155121,NEAR BAY
-119.06105041503906,37.113525390625,21,4413,650,2420,542,2.2657995223999023,70679,INLAND
-119.10377502441406,36.95649719238281,23,3943,685,2312,510,2.449162244796753,79433,INLAND
-118.56031799316406,33.452659606933594,17,5879,457,2358,314,5.118462562561035,246466,<1H OCEAN
-118.00951385498047,33.414024353027344,21,6383,454,2368,362,5.609927654266357,272614,<1H OCEAN
-117.7308349609375,33.236289978027344,26,6140,575,2291,366,5.695911407470703,286386,<1H OCEAN
-119.2811050415039,36.83170700073242,21,4201,667,2341,536,2.3931846618652344,70557,INLAND
-119.12173461914062,36.80329132080078,24,3471,634,2385,473,2.7199394702911377,88137,INLAND
-120.04238891601562,34.012760162353516,28,1712,770,1932,376,4.154961585998535,233114,NEAR OCEAN
-118.20550537109375,33.35256576538086,22,5947,473,2255,342,5.347532272338867,261894,<1H OCEAN
-118.51911163330078,33.386146545410156,20,5889,502,2030,404,5.419346809387207,259963,<1H OCEAN
-119.40030670166016,36.508399963378906,21,4448,700,2490,554,2.6329870223999023,71104,INLAND
-118.3756103515625,33.484798431396484,18,6417,451,2389,337,5.321436405181885,255257,<1H OCEAN
-121.32020568847656,36.58007049560547,31,3219,876,2424,900,2.890687942504883,159383,NEAR BAY
-119.38130187988281,36.6422004699707,22,4012,673,2247,525,2.452615737915039,72511,INLAND
-120.61094665527344,33.495361328125,22,1495,723,1819,654,3.7296268939971924,217720,NEAR OCEAN
-118.85762023925781,36.86833572387695,26,3848,682,2642,503,2.84837007522583,88733,INLAND
-121.30728912353516,36.68021774291992,32,3086,916,2530,962,2.9395928382873535,149868,NEAR BAY
-117.98606872558594,33.21339797973633,25,6046,594,2163,361,5.579076766967773,278023,<1H OCEAN
-119.1927719116211,36.85226058959961,22,4040,679,2283,522,2.3879308700561523,74234,INLAND
-118.19432067871094,33.35509490966797,21,6142,452,2371,283,5.161153316497803,254078,<1H OCEAN
-118.15476989746094,33.379215240478516,21,6079,472,2273,354,5.456709861755371,265816,<1H OCEAN
-118.58675384521484,33.498085021972656,18,6319,465,2226,387,5.356564521789551,254007,<1H OCEAN
-119.08489227294922,36.71994400024414,25,3916,697,2472,515,2.650719404220581,82268,INLAND
-120.35032653808594,33.60944747924805,24,1486,742,1947,584,3.9141669273376465,226343,NEAR OCEAN
-118.20475006103516,33.34288787841797,22,5830,488,2231,342,5.331804275512695,262147,<1H OCEAN
-118.67850494384766,33.43910598754883,18,5816,461,2104,375,5.242435455322266,250291,<1H OCEAN
-118.91085815429688,37.02214050292969,25,3786,682,2351,503,2.5844359397888184,86137,INLAND
-120.03217315673828,33.90920639038086,27,1659,728,2198,439,4.138552665710449,238960,NEAR OCEAN
-118.20276641845703,33.46373748779297,19,6552,438,2422,337,5.428555488586426,261885,<1H OCEAN
-118.19478607177734,33.394039154052734,21,6145,475,2228,386,5.5413737297058105,268597,<1H OCEAN
-118.09568786621094,33.16189193725586,26,6269,636,2196,363,5.703489303588867,280467,<1H OCEAN
-120.15234375,33.73106384277344,25,1545,726,2186,571,4.054411888122559,238068,NEAR OCEAN
-120.41205596923828,33.652320861816406,24,1462,713,2022,537,3.8751745223999023,221531,NEAR OCEAN
-121.59403991699219,36.226505279541016,29,2531,824,2203,799,2.7691667079925537,121728,NEAR BAY
-120.72657012939453,33.51198959350586,22,1349,688,1910,580,3.6608519554138184,209111,NEAR OCEAN
-119.11114501953125,36.90410232543945,23,3732,677,2238,495,2.4638102054595947,81706,INLAND
-119.46653747558594,36.425777435302734,22,4137,688,2394,536,2.609198808670044,73515,INLAND
-118.2562026977539,33.43146896362305,20,6250,460,2246,385,5.536579608917236,266690,<1H OCEAN
-118.88394165039062,33.43885803222656,18,6050,436,2101,366,5.0587663650512695,239529,<1H OCEAN
-118.38424682617188,33.48677444458008,19,6538,447,2335,365,5.415279388427734,258691,<1H OCEAN
-119.5029525756836,36.670616149902344,20,3779,656,2261,500,2.3785102367401123,73853,INLAND
-118.38578796386719,33.37494659423828,21,5841,478,2171,361,5.336398601531982,258308,<1H OCEAN
-120.18122863769531,33.74100875854492,27,1706,798,1725,509,4.0506157875061035,230654,NEAR OCEAN
-118.4447250366211,33.38599395751953,20,5903,452,2236,332,5.224004745483398,252350,<1H OCEAN
-118.97528076171875,36.956199645996094,24,4295,709,2393,567,2.5169074535369873,77542,INLAND
-119.34495544433594,37.002994537353516,18,4632,602,2428,490,2.290957450866699,69670,INLAND
-119.24143981933594,36.70070266723633,23,4124,690,2314,546,2.5060062408447266,74550,INLAND
-119.62593078613281,33.88307189941406,30,1906,874,1890,497,4.397979736328125,257511,NEAR OCEAN
-118.5669174194336,33.4820671081543,18,6471,442,2257,371,5.3062567710876465,252221,<1H OCEAN
-118.99492645263672,36.79288864135742,25,4071,713,2490,539,2.6161088943481445,82444,INLAND
-119.81722259521484,33.87322235107422,27,1699,743,2354,546,4.297998428344727,255480,NEAR OCEAN
-118.70833587646484,33.41490173339844,19,5931,445,2127,361,5.150426387786865,245970,<1H OCEAN
-118.29794311523438,33.41270446777344,20,6155,469,2200,393,5.511325836181641,265797,<1H OCEAN
-119.4850845336914,36.45738220214844,22,4107,682,2316,534,2.5580384731292725,71996,INLAND
-118.44549560546875,33.37333297729492,21,5860,510,2019,399,5.473875045776367,262609,<1H OCEAN
-118.5950698852539,33.38684844970703,20,5843,454,2145,348,5.163487434387207,248233,<1H OCEAN
-119.3682861328125,36.60430145263672,22,3810,673,2238,498,2.4715309143066406,75394,INLAND
-118.17108917236328,33.395057678222656,21,6191,442,2368,330,5.399813652038574,262204,<1H OCEAN
-120.19348907470703,33.97154235839844,27,1640,697,2063,393,4.066706657409668,228333,NEAR OCEAN
-119.19024658203125,37.104244232177734,19,4441,617,2423,508,2.2335498332977295,70851,INLAND
-119.52335357666016,36.530799865722656,20,4423,659,2412,522,2.5191264152526855,68104,INLAND
-117.86200714111328,33.371463775634766,23,6221,485,2357,353,5.612929344177246,276819,<1H OCEAN
-118.18801879882812,33.344966888427734,22,5904,500,2194,362,5.432458877563477,265929,<1H OCEAN
-121.28849792480469,36.56211853027344,30,3389,864,2311,870,2.8265321254730225,167131,NEAR BAY
-119.46099090576172,36.54010772705078,22,3930,672,2229,520,2.500481128692627,73053,INLAND
-119.18731689453125,36.815670013427734,23,4161,689,2316,545,2.4791007041931152,74558,INLAND
-118.3451919555664,33.351844787597656,21,5818,491,2156,361,5.341073513031006,259744,<1H OCEAN
-118.13273620605469,33.336341857910156,22,5910,487,2252,340,5.3516693115234375,264351,<1H OCEAN
-120.26036834716797,33.652931213378906,26,1678,800,1658,562,3.993607997894287,229083,NEAR OCEAN
-118.3474349975586,33.40177536010742,20,6166,436,2292,347,5.336002826690674,257557,<1H OCEAN
-118.13871765136719,33.3600959777832,22,6018,495,2208,379,5.52297306060791,269773,<1H OCEAN
-119.13082122802734,36.66045379638672,24,4372,717,2495,566,2.628779888153076,76687,INLAND
-119.01036071777344,36.98869705200195,24,4082,697,2334,533,2.453723907470703,78319,INLAND
-118.10520935058594,33.413700103759766,21,6294,470,2275,391,5.636089324951172,272957,<1H OCEAN
-118.38927459716797,33.502052307128906,18,6443,453,2394,339,5.3278422355651855,254955,<1H OCEAN
-118.4461669921875,33.4158935546875,20,6097,437,2259,348,5.2932963371276855,254504,<1H OCEAN
-119.09259796142578,37.10527801513672,21,4244,657,2397,533,2.2575666904449463,73288,INLAND
-119.18660736083984,36.49827194213867,24,4150,712,2620,535,2.728341579437256,80895,INLAND
-121.35958099365234,36.58232116699219,31,3001,905,2362,896,2.8698618412017822,137381,NEAR BAY
-118.28356170654297,33.395225524902344,21,6065,449,2298,340,5.363997936248779,259467,<1H OCEAN
-121.59658813476562,36.218116760253906,29,2562,832,2222,828,2.7653486728668213,125721,NEAR BAY
-120.07621765136719,34.02985763549805,27,1705,685,2106,409,4.138514518737793,234226,NEAR OCEAN
-121.30304718017578,36.64187240600586,32,3120,895,2543,937,2.933692455291748,155835,NEAR BAY
-119.36414337158203,36.47620391845703,23,3865,682,2376,513,2.604766368865967,78694,INLAND
-118.45745086669922,33.41424560546875,19,5963,458,2172,366,5.340952396392822,257119,<1H OCEAN
-120.50933074951172,33.561561584472656,23,1435,719,1971,580,3.803675889968872,219154,NEAR OCEAN
-120.76091766357422,33.376914978027344,23,1530,744,1453,572,3.6154286861419678,213636,NEAR OCEAN
-118.42862701416016,33.455360412597656,18,6307,446,2337,339,5.286417007446289,253939,<1H OCEAN
-119.75321197509766,36.04158401489258,23,3509,582,2556,402,2.921060562133789,79130,INLAND
-118.2659683227539,33.448944091796875,20,6447,430,2369,352,5.432896614074707,261387,<1H OCEAN
-119.43209838867188,33.90021896362305,30,1803,836,2332,537,4.514298439025879,274039,NEAR OCEAN
-117.81595611572266,33.277462005615234,24,6269,467,2369,330,5.371819972991943,271862,<1H OCEAN
-119.59908294677734,36.24478530883789,23,3664,651,2421,471,2.7056050300598145,78509,INLAND
-118.93555450439453,36.84429168701172,25,3828,691,2513,501,2.7228939533233643,85839,INLAND
-118.28670501708984,33.4161376953125,20,6261,436,2320,353,5.407691478729248,260943,<1H OCEAN
-119.08283996582031,37.082496643066406,22,4108,685,2395,537,2.3515162467956543,77325,INLAND
-119.42019653320312,36.764488220214844,21,3727,659,2257,499,2.337003469467163,75450,INLAND
-118.28091430664062,33.389686584472656,21,5984,461,2253,351,5.394838333129883,261210,<1H OCEAN
-118.81635284423828,37.19389724731445,24,4324,705,2386,561,2.3671767711639404,77070,INLAND
-119.18965148925781,36.851531982421875,22,4491,681,2425,560,2.464881181716919,71353,INLAND
-121.2446060180664,36.6628303527832,33,3023,885,2597,949,3.00569748878479,167858,NEAR BAY
-119.57381439208984,36.38072204589844,21,3864,666,2247,513,2.5354666709899902,73007,INLAND
-117.97411346435547,33.32926559448242,23,6070,477,2348,310,5.310582637786865,265461,<1H OCEAN
-118.12299346923828,33.34916305541992,22,5957,498,2223,361,5.461688041687012,268054,<1H OCEAN
-119.23989868164062,36.43877029418945,23,4454,715,2503,567,2.729729175567627,76451,INLAND
-118.54270935058594,33.50791549682617,17,6104,467,2337,353,5.289606094360352,252113,<1H OCEAN
-121.51092529296875,36.34917068481445,30,2754,860,2357,874,2.8231539726257324,136374,NEAR BAY
-121.26033782958984,36.68116760253906,35,2662,874,2842,1036,3.202903985977173,182198,NEAR BAY
-118.05675506591797,33.36252975463867,22,6067,490,2260,366,5.523220539093018,270973,<1H OCEAN
-118.31990814208984,33.379302978515625,21,5904,462,2244,344,5.338982105255127,258669,<1H OCEAN
-118.42584228515625,33.46445846557617,18,6419,439,2372,320,5.224612712860107,250944,<1H OCEAN
-117.99684143066406,33.29832077026367,23,5842,516,2260,333,5.385412216186523,269076,<1H OCEAN
-118.44120025634766,33.395973205566406,20,5983,448,2233,348,5.281438827514648,254313,<1H OCEAN
-118.99501037597656,36.67915725708008,26,4062,712,2765,529,2.8075215816497803,86311,INLAND
-120.48565673828125,33.690673828125,24,1540,724,1825,492,3.842646598815918,215716,NEAR OCEAN
-120.57403564453125,33.78999328613281,25,1631,721,1617,401,3.8432581424713135,208624,NEAR OCEAN
-118.49004364013672,33.522979736328125,17,6390,453,2426,320,5.208627223968506,248289,<1H OCEAN
-119.66865539550781,33.88477325439453,29,1813,838,2001,501,4.373587131500244,255757,NEAR OCEAN
-118.47946166992188,33.455711364746094,19,6328,439,2313,338,5.245898723602295,251487,<1H OCEAN
-119.07740020751953,37.10452651977539,22,4149,682,2406,540,2.315561056137085,76251,INLAND
-121.6550521850586,36.27307891845703,27,2725,804,2051,649,2.66084623336792,107078,NEAR BAY
-118.32307434082031,33.41478729248047,19,6151,442,2334,334,5.334993362426758,258234,<1H OCEAN
-118.91991424560547,37.0356330871582,23,4696,712,2515,594,2.4948625564575195,73904,INLAND
-119.96905517578125,33.72059631347656,27,1704,819,1897,556,4.171180725097656,243082,NEAR OCEAN
-121.25912475585938,36.84089279174805,32,3297,952,2413,930,2.895123243331909,136971,NEAR BAY
-118.67018127441406,37.213523864746094,26,4277,728,2433,564,2.522952079772949,82681,INLAND
-119.81752014160156,33.89641571044922,29,1734,798,2114,460,4.2616167068481445,249629,NEAR OCEAN
-119.69889831542969,34.10057067871094,28,1617,698,2530,498,4.371247291564941,265381,NEAR OCEAN
-118.41188049316406,33.429500579833984,19,6175,444,2271,360,5.365462779998779,257836,<1H OCEAN
-119.0838394165039,36.896690368652344,24,3858,686,2286,506,2.4802002906799316,80417,INLAND
-119.48861694335938,32.86360549926758,34,1943,1232,2015,610,4.544753551483154,295682,NEAR OCEAN
-118.55909729003906,33.385868072509766,20,5827,471,2112,375,5.273172855377197,253464,<1H OCEAN
-119.09088134765625,37.013545989990234,22,4618,676,2489,561,2.4507431983947754,71329,INLAND
-118.25006866455078,33.33174133300781,22,5828,506,2156,359,5.383984088897705,263438,<1H OCEAN
-119.1402359008789,36.63193893432617,24,4376,719,2529,565,2.6538870334625244,77264,INLAND
-121.37882995605469,36.5053825378418,30,3239,875,2361,868,2.85239315032959,149344,NEAR BAY
-119.45515441894531,36.526119232177734,22,3166,544,2361,403,2.8221065998077393,92653,INLAND
-118.16998291015625,33.33899688720703,22,5926,530,2099,378,5.556128978729248,270580,<1H OCEAN
-119.95783996582031,33.65542984008789,26,1671,823,1900,622,4.172743320465088,246276,NEAR OCEAN
-119.14568328857422,36.79082107543945,23,4138,695,2335,547,2.5048680305480957,76265,INLAND
-119.37641906738281,33.90366744995117,31,2012,927,1839,500,4.555233478546143,269927,NEAR OCEAN
-119.3353500366211,36.66936492919922,22,3838,673,2231,503,2.4478373527526855,74769,INLAND
-121.4753646850586,36.40620422363281,31,2870,843,2459,916,2.888298749923706,152273,NEAR BAY
-120.1158218383789,33.67665481567383,25,1550,762,2085,582,4.061524391174316,238284,NEAR OCEAN
-121.35749816894531,36.5246467590332,33,2678,852,2677,979,3.063633441925049,168295,NEAR BAY
-119.0343246459961,33.46826934814453,16,5802,453,2132,344,4.908578395843506,231192,<1H OCEAN
-118.1356430053711,33.41814041137695,21,6346,464,2263,397,5.63165283203125,272371,<1H OCEAN
-118.38282775878906,33.38981246948242,20,6009,440,2306,318,5.21826171875,252605,<1H OCEAN
-118.20345306396484,33.370365142822266,21,6026,464,2278,344,5.388383388519287,262498,<1H OCEAN
-119.20358276367188,36.87200927734375,21,4569,655,2425,538,2.3909003734588623,69736,INLAND
-118.44800567626953,33.398597717285156,20,5907,480,2105,386,5.399142742156982,259825,<1H OCEAN
-118.25418853759766,33.35894012451172,21,5908,486,2197,363,5.391453742980957,263052,<1H OCEAN
-120.55339813232422,33.87923812866211,25,1549,672,1778,400,3.8774216175079346,208414,NEAR OCEAN
-118.3837890625,33.40421676635742,20,6002,460,2206,365,5.377801418304443,259225,<1H OCEAN
-118.35436248779297,33.44099426269531,19,6293,445,2271,373,5.438342571258545,261180,<1H OCEAN
-121.51069641113281,36.444271087646484,29,2782,860,2204,739,2.7242212295532227,115873,NEAR BAY
-119.22872161865234,36.62985610961914,24,3903,691,2347,515,2.5552878379821777,79186,INLAND
-118.64322662353516,33.40586853027344,19,5941,444,2155,353,5.159433364868164,247213,<1H OCEAN
-121.43472290039062,36.512237548828125,31,2777,882,2314,876,2.8539042472839355,127574,NEAR BAY
-117.9900131225586,33.34419250488281,22,6033,480,2345,320,5.379899501800537,267102,<1H OCEAN
-118.2091064453125,33.41324234008789,21,6214,454,2293,365,5.496186256408691,265607,<1H OCEAN
-118.10983276367188,33.309974670410156,23,5833,506,2222,338,5.349851608276367,265545,<1H OCEAN
-119.04393768310547,37.1341667175293,22,4155,676,2398,537,2.2918701171875,76116,INLAND
-119.43218231201172,36.571529388427734,21,4354,683,2429,549,2.576937198638916,70773,INLAND
-118.99667358398438,36.936092376708984,24,4012,698,2338,528,2.5017874240875244,79755,INLAND
-121.17367553710938,36.90140151977539,33,3399,950,2581,992,2.971918821334839,158184,NEAR BAY
-119.2181167602539,36.649044036865234,23,4415,711,2453,568,2.597156524658203,74020,INLAND
-120.40514373779297,33.657569885253906,25,1681,786,1574,513,3.902432680130005,221337,NEAR OCEAN
-117.93612670898438,33.1743278503418,27,6451,653,2262,382,5.962766170501709,291984,<1H OCEAN
-119.18546295166016,36.725669860839844,23,4291,700,2372,558,2.516270160675049,73922,INLAND
-120.31744384765625,33.72610855102539,25,1487,712,2090,506,3.9308338165283203,227378,NEAR OCEAN
-119.04989624023438,36.54340744018555,23,5466,663,2455,610,2.942253828048706,73327,INLAND
-118.98436737060547,36.5517692565918,26,4376,722,2666,573,2.833594799041748,84095,INLAND
-121.41419982910156,36.50257873535156,31,2935,888,2415,901,2.862640142440796,141504,NEAR BAY
-119.08267211914062,36.408016204833984,25,4857,685,2523,594,2.8948264122009277,81124,INLAND
-119.38189697265625,36.5745735168457,22,3898,675,2261,514,2.5107128620147705,75148,INLAND
-118.15995025634766,33.37012481689453,21,6007,470,2291,340,5.40098762512207,263826,<1H OCEAN
-121.48867797851562,36.394935607910156,30,2907,853,2402,889,2.8430004119873047,144263,NEAR BAY
-119.7671127319336,33.85840606689453,28,1688,783,2235,513,4.299396514892578,255891,NEAR OCEAN
-118.25942993164062,33.339561462402344,22,5827,493,2186,351,5.337177276611328,261493,<1H OCEAN
-118.1529312133789,33.34971618652344,22,5927,491,2229,357,5.4245781898498535,266194,<1H OCEAN
-120.15796661376953,33.913841247558594,26,1631,678,2216,445,4.071415424346924,234579,NEAR OCEAN
-118.16661834716797,33.355712890625,22,5939,486,2235,359,5.4332990646362305,265998,<1H OCEAN
-119.83552551269531,36.24642562866211,20,3335,633,2120,442,2.5302324295043945,75022,INLAND
-119.17684173583984,36.439483642578125,26,3770,669,2756,482,2.969987392425537,88259,INLAND
-118.87112426757812,33.39617919921875,18,5648,454,2043,357,5.031397342681885,239701,<1H OCEAN
-119.51383972167969,33.82868957519531,27,1714,820,2576,709,4.503695487976074,281339,NEAR OCEAN
-118.20720672607422,33.36561965942383,21,5918,479,2249,348,5.390634059906006,263261,<1H OCEAN
-118.97588348388672,33.38119888305664,18,5717,427,2066,335,4.859715938568115,231557,<1H OCEAN
-119.54340362548828,36.10891342163086,24,3973,674,2563,497,2.821384906768799,80219,INLAND
-118.2725601196289,33.42180633544922,20,6151,469,2208,388,5.52794885635376,266652,<1H OCEAN
-117.85859680175781,33.165069580078125,28,6291,634,2193,353,5.741559982299805,285206,<1H OCEAN
-118.50031280517578,33.42055892944336,19,6172,423,2295,327,5.184331893920898,249383,<1H OCEAN
-119.35459899902344,36.54902648925781,22,4406,699,2443,554,2.6007800102233887,71654,INLAND
-118.97203826904297,36.8531608581543,25,4084,711,2457,539,2.5981714725494385,82202,INLAND
-120.26260375976562,33.72027587890625,25,1500,730,2034,514,3.97082257270813,229327,NEAR OCEAN
-120.52375030517578,33.668861389160156,24,1567,720,1745,524,3.83497953414917,213889,NEAR OCEAN
-121.37726593017578,36.53159713745117,32,2892,849,2574,950,2.9741039276123047,169042,NEAR BAY
-118.03871154785156,33.34515380859375,22,6191,467,2275,391,5.590517520904541,273195,<1H OCEAN
-118.36006927490234,33.434452056884766,19,6279,433,2331,339,5.327653408050537,256688,<1H OCEAN
-120.23719787597656,33.706668853759766,26,1756,807,1619,500,4.01034688949585,228752,NEAR OCEAN
-119.04534912109375,37.012943267822266,23,4184,688,2356,537,2.3923683166503906,75827,INLAND
-118.22886657714844,33.4146728515625,20,6207,442,2348,339,5.4107489585876465,262096,<1H OCEAN
-117.87223052978516,33.39745330810547,23,6567,521,2226,466,5.960202217102051,291439,<1H OCEAN
-119.09318542480469,36.539005279541016,25,4209,717,2670,542,2.7674992084503174,82615,INLAND
-119.3656234741211,36.666019439697266,22,4015,672,2245,522,2.4244415760040283,72213,INLAND
-118.37361907958984,33.40093994140625,20,6011,460,2212,366,5.386468887329102,259550,<1H OCEAN
-118.1267318725586,33.3585205078125,22,6049,470,2288,343,5.404552936553955,264980,<1H OCEAN
-118.87747192382812,37.0522575378418,25,4022,704,2340,530,2.493469476699829,81938,INLAND
-118.05403900146484,33.28894805908203,24,5850,536,2165,358,5.481539726257324,271428,<1H OCEAN
-118.4989242553711,33.37151336669922,20,5971,450,2172,342,5.174736976623535,250600,<1H OCEAN
-118.29497528076172,33.54701232910156,18,6510,465,2444,354,5.468581199645996,261079,<1H OCEAN
-121.63875579833984,36.18974304199219,27,2656,775,2033,534,2.7259349822998047,97767,NEAR BAY
-117.83645629882812,33.26348114013672,25,5971,546,2264,353,5.571868419647217,279300,<1H OCEAN
-121.43991088867188,36.49782180786133,33,2572,903,2573,958,2.9726524353027344,144186,NEAR BAY
-119.45205688476562,36.34083557128906,23,3634,662,2515,471,2.765625238418579,80859,INLAND
-121.29444122314453,36.59672164916992,33,2835,872,2660,965,3.0368149280548096,164970,NEAR BAY
-119.20619201660156,36.53083038330078,24,4016,705,2554,529,2.68119478225708,80756,INLAND
-119.189208984375,36.53742599487305,25,3531,645,2585,458,2.8611319065093994,86495,INLAND
-117.90049743652344,33.24552917480469,25,6049,583,2167,376,5.662509441375732,282073,<1H OCEAN
-119.4117202758789,36.74781036376953,21,3485,660,2240,476,2.5087392330169678,82478,INLAND
-119.6282958984375,36.2300910949707,22,3434,643,2301,447,2.6724469661712646,77746,INLAND
-119.09740447998047,36.93234634399414,23,4158,691,2345,538,2.4449894428253174,75662,INLAND
-117.9246826171875,33.324825286865234,23,6034,504,2283,352,5.511630535125732,274189,<1H OCEAN
-117.8975601196289,33.327476501464844,24,6252,553,2161,421,5.834887504577637,286541,<1H OCEAN
-121.19175720214844,36.78276443481445,33,3223,920,2607,971,2.997223138809204,162527,NEAR BAY
-118.3435287475586,33.3806266784668,21,5902,482,2175,370,5.3910698890686035,261041,<1H OCEAN
-118.35179901123047,33.40205764770508,20,6047,449,2266,348,5.34752893447876,258077,<1H OCEAN
-119.21376037597656,36.947364807128906,22,3955,674,2329,520,2.3413991928100586,76328,INLAND
-119.53837585449219,33.73558807373047,29,1824,889,2068,628,4.42753267288208,268643,NEAR OCEAN
-118.10648345947266,33.396087646484375,21,6250,468,2278,379,5.57526969909668,270806,<1H OCEAN
-118.092041015625,33.444984436035156,21,6461,462,2289,404,5.705001354217529,275190,<1H OCEAN
-121.26802062988281,36.70137023925781,33,3058,890,2639,985,3.0100741386413574,167613,NEAR BAY
-121.57023620605469,36.50518035888672,28,3073,847,2073,676,2.660177707672119,107718,NEAR BAY
-119.67713928222656,36.10831832885742,23,3370,602,2542,417,2.89310884475708,80437,INLAND
-118.48815155029297,33.46127700805664,19,6335,449,2242,376,5.368937015533447,256258,<1H OCEAN
-119.46088409423828,36.666534423828125,21,3978,655,2273,514,2.389373302459717,70346,INLAND
-119.55135345458984,33.88205337524414,31,2001,908,1724,409,4.4755425453186035,258558,NEAR OCEAN
-118.28462982177734,33.439674377441406,19,6351,441,2382,333,5.361802577972412,259203,<1H OCEAN
-119.22969055175781,36.666194915771484,23,3918,686,2326,518,2.5406010150909424,78286,INLAND
-117.77519989013672,33.34082794189453,24,6418,518,2327,393,5.74192476272583,285678,<1H OCEAN
-118.25159454345703,33.3404541015625,22,5801,488,2207,345,5.318151473999023,260850,<1H OCEAN
-119.0143814086914,36.944602966308594,24,3864,690,2315,506,2.5231220722198486,82702,INLAND
-119.14246368408203,36.84122085571289,23,3739,679,2284,487,2.5298361778259277,82431,INLAND
-119.95549774169922,34.103885650634766,29,1719,746,2020,356,4.237101078033447,237372,NEAR OCEAN
-119.97705841064453,34.018428802490234,28,1711,696,2309,409,4.176798343658447,241406,NEAR OCEAN
-118.6400146484375,33.601898193359375,16,6047,472,2411,351,5.225053787231445,246040,<1H OCEAN
-121.5340347290039,36.35308074951172,30,2764,859,2298,868,2.7994496822357178,131904,NEAR BAY
-118.21971893310547,33.33808517456055,22,6048,548,2103,419,5.8519368171691895,278600,<1H OCEAN
-118.29512786865234,33.386146545410156,21,6073,443,2311,327,5.298612117767334,256897,<1H OCEAN
-118.95775604248047,36.743675231933594,24,4596,737,2624,591,2.7092394828796387,79054,INLAND
-121.60798645019531,36.305931091308594,29,2593,812,2105,679,2.761140823364258,109866,NEAR BAY
-119.33477020263672,36.73066329956055,22,4081,670,2273,525,2.3977885246276855,71250,INLAND
-120.33655548095703,33.790489196777344,25,1562,675,2162,480,3.941314935684204,225746,NEAR OCEAN
-119.22987365722656,36.726097106933594,23,4115,688,2301,544,2.4858713150024414,74484,INLAND
-117.7552261352539,33.21858215332031,26,6447,618,2293,407,5.974423885345459,296067,<1H OCEAN
-117.53321075439453,33.17414474487305,29,6674,673,2319,382,6.166360378265381,305656,<1H OCEAN
-121.53795623779297,36.34211730957031,31,2684,860,2329,887,2.817411184310913,132191,NEAR BAY
-121.62186431884766,36.264976501464844,29,2518,808,2111,692,2.747708559036255,111542,NEAR BAY
-119.2646713256836,36.62179183959961,21,4824,703,2577,567,2.7105536460876465,70439,INLAND
-121.5816650390625,36.295021057128906,31,2663,849,2356,893,2.8090293407440186,132220,NEAR BAY
-117.84586334228516,33.3054084777832,24,6040,513,2303,345,5.515494346618652,276338,<1H OCEAN
-121.60865020751953,36.22700881958008,28,2769,828,2190,787,2.7189321517944336,124916,NEAR BAY
-120.03516387939453,33.73292922973633,26,1586,749,2245,573,4.1218180656433105,244087,NEAR OCEAN
-121.28948211669922,36.71371078491211,32,3265,915,2484,942,2.911677837371826,152713,NEAR BAY
-119.19066619873047,36.515071868896484,24,4367,720,2543,561,2.700251817703247,77895,INLAND
-118.31053161621094,33.40776443481445,21,6055,482,2157,400,5.5197930335998535,266504,<1H OCEAN
-119.42366790771484,36.683013916015625,21,3769,660,2242,491,2.41745924949646,75140,INLAND
-119.65863037109375,33.853328704833984,29,1720,829,2090,522,4.364071846008301,259670,NEAR OCEAN
-121.38114166259766,36.57861328125,31,3030,902,2459,930,2.8839731216430664,144411,NEAR BAY
-118.53925323486328,33.395503997802734,20,6047,438,2201,346,5.18605375289917,249757,<1H OCEAN
-119.1169662475586,36.82806396484375,24,4029,692,2329,529,2.505016565322876,77774,INLAND
-118.27127075195312,33.427955627441406,20,6260,443,2342,349,5.425497055053711,262231,<1H OCEAN
-119.18557739257812,37.006099700927734,21,4028,670,2352,526,2.296353340148926,75327,INLAND
-118.35848236083984,33.455387115478516,19,6404,447,2273,383,5.47023868560791,261997,<1H OCEAN
-119.07122802734375,36.77166748046875,24,3978,701,2403,525,2.5796236991882324,81241,INLAND
-117.79175567626953,33.25901412963867,25,5927,547,2285,341,5.535206317901611,278932,<1H OCEAN
-117.9517822265625,33.28978729248047,24,6065,567,2128,395,5.708044528961182,281886,<1H OCEAN
-119.32785034179688,36.688934326171875,22,4232,677,2320,542,2.4715640544891357,71574,INLAND
-118.35192108154297,33.479095458984375,19,6548,444,2329,371,5.450842380523682,260547,<1H OCEAN
-119.87739562988281,33.98933410644531,27,1657,705,2450,462,4.2398481369018555,252668,NEAR OCEAN
-118.29483032226562,33.3774528503418,21,5919,483,2195,366,5.408721923828125,262413,<1H OCEAN
-119.04016876220703,36.54973602294922,25,4367,725,2677,563,2.781081438064575,82286,INLAND
-118.45832824707031,33.413814544677734,19,5993,459,2174,371,5.352822303771973,257355,<1H OCEAN
-118.49655151367188,33.515541076660156,17,6252,457,2412,322,5.207962989807129,248874,<1H OCEAN
-119.45912170410156,36.55030059814453,21,4350,680,2430,546,2.5742909908294678,70311,INLAND
-118.3164291381836,33.42314910888672,20,6187,452,2248,372,5.45418119430542,262647,<1H OCEAN
-118.28025817871094,33.479976654052734,19,6649,431,2380,362,5.468194484710693,261806,<1H OCEAN
-118.10082244873047,33.42014694213867,21,6329,458,2313,379,5.614070892333984,271594,<1H OCEAN
-118.20228576660156,33.40200424194336,21,6178,450,2318,348,5.440231800079346,263502,<1H OCEAN
-119.50198364257812,34.05405044555664,31,1916,865,1992,421,4.485141754150391,259815,NEAR OCEAN
-119.0531997680664,37.17628860473633,21,4041,667,2375,532,2.2749648094177246,77814,INLAND
-119.1417007446289,36.64093017578125,24,4369,716,2490,565,2.632281541824341,76592,INLAND
-118.05162811279297,33.14397048950195,28,6490,657,2194,367,5.7783203125,282670,<1H OCEAN
-120.30762481689453,33.70399856567383,26,1684,777,1679,525,3.9751193523406982,224035,NEAR OCEAN
-119.28722381591797,36.85245132446289,22,3804,669,2290,502,2.4054629802703857,78002,INLAND
-118.25745391845703,33.409278869628906,20,6217,446,2296,361,5.4474568367004395,263039,<1H OCEAN
-119.28783416748047,36.621009826660156,23,4159,693,2362,546,2.5512032508850098,74707,INLAND
-119.53518676757812,36.11821746826172,22,4599,652,2326,547,2.8046882152557373,72987,INLAND
-121.44091796875,36.52334976196289,30,3133,888,2283,900,2.819512367248535,140818,NEAR BAY
-117.81826782226562,33.312374114990234,24,6110,515,2287,368,5.631677627563477,280549,<1H OCEAN
-118.42359924316406,33.48529815673828,18,6526,444,2333,361,5.37403678894043,256407,<1H OCEAN
-119.1528549194336,36.81561279296875,23,3904,685,2315,510,2.5128235816955566,79297,INLAND
-118.20417022705078,33.37339401245117,21,6049,476,2229,371,5.471823692321777,266002,<1H OCEAN
-119.43418884277344,36.448970794677734,23,3435,635,2343,449,2.707596778869629,82339,INLAND
-118.16641998291016,33.39167404174805,21,6074,487,2215,387,5.562996864318848,270080,<1H OCEAN
-119.3150405883789,36.26493453979492,24,4374,680,2578,546,2.831589937210083,79994,INLAND
-118.99826049804688,37.11941909790039,23,4162,689,2384,538,2.356074810028076,77289,INLAND
-119.31100463867188,36.654022216796875,22,4290,689,2364,550,2.524141311645508,72267,INLAND
-118.8924560546875,37.106224060058594,24,4379,704,2387,567,2.407257318496704,75793,INLAND
-119.25387573242188,36.501949310302734,24,4040,705,2475,529,2.6279759407043457,78814,INLAND
-119.09188079833984,36.797664642333984,24,3943,694,2337,520,2.54695987701416,79985,INLAND
-117.6532974243164,33.37886047363281,24,6463,539,2238,432,6.054572105407715,296786,<1H OCEAN
-120.67236328125,33.69868850708008,23,1431,632,2019,506,3.7198896408081055,210138,NEAR OCEAN
-118.47747039794922,37.22998046875,28,4267,741,2686,558,2.693741798400879,89468,INLAND
-118.01820373535156,33.32164001464844,23,6019,533,2151,390,5.629511833190918,276755,<1H OCEAN
-118.41947174072266,33.4535026550293,19,6377,433,2337,340,5.2912983894348145,253809,<1H OCEAN
-118.72222900390625,33.4408073425293,18,5990,455,2111,378,5.21657657623291,248146,<1H OCEAN
-120.43232727050781,33.575618743896484,23,1448,725,1992,596,3.8543877601623535,223325,NEAR OCEAN
-118.9703140258789,33.41755294799805,17,5824,428,2122,329,4.880262851715088,231447,<1H OCEAN
-120.4801025390625,35.46956253051758,22,3746,465,2451,260,3.1616458892822266,87884,INLAND
-118.19490814208984,33.343013763427734,22,5964,516,2133,382,5.505047798156738,268747,<1H OCEAN
-119.02581024169922,36.74360275268555,25,3524,569,2690,453,3.075256824493408,95777,INLAND
-119.15460205078125,36.82638168334961,23,3848,683,2287,503,2.492854118347168,79636,INLAND
-119.40327453613281,36.138641357421875,23,5030,630,2238,578,2.922999620437622,75512,INLAND
-117.94074249267578,33.310585021972656,24,5947,532,2204,358,5.564094066619873,275551,<1H OCEAN
-120.39692687988281,33.89533233642578,24,1376,621,2288,527,3.9263722896575928,229954,NEAR OCEAN
-119.02197265625,36.884910583496094,23,4514,716,2460,584,2.548865556716919,74890,INLAND
-118.56912231445312,33.46273422241211,18,6161,452,2280,352,5.244865417480469,250709,<1H OCEAN
-121.41043090820312,36.529747009277344,32,2860,897,2416,927,2.8816235065460205,139524,NEAR BAY
-121.59208679199219,36.26837921142578,30,2516,819,2165,760,2.7840449810028076,117337,NEAR BAY
-118.58755493164062,33.55089569091797,17,6061,471,2382,343,5.235002040863037,248319,<1H OCEAN
-119.41674041748047,36.7723388671875,19,4463,632,2412,496,2.42067551612854,67774,INLAND
-119.14130401611328,37.187984466552734,20,3931,644,2303,517,2.268449068069458,80407,INLAND
-118.4958724975586,33.478424072265625,18,6469,451,2244,388,5.405879020690918,257205,<1H OCEAN
-117.98746490478516,33.310150146484375,23,5902,523,2215,350,5.495767593383789,272374,<1H OCEAN
-118.4014892578125,33.4494514465332,19,6306,460,2191,405,5.506375789642334,263410,<1H OCEAN
-118.71940612792969,33.4285774230957,18,5889,478,2015,404,5.2766547203063965,251544,<1H OCEAN
-119.26134490966797,36.66875076293945,23,3780,677,2288,497,2.546193838119507,78962,INLAND
-117.84989929199219,33.25511932373047,25,5901,547,2269,342,5.505064487457275,276996,<1H OCEAN
-118.27069854736328,33.42744827270508,20,6172,472,2193,397,5.554629802703857,267766,<1H OCEAN
-118.01226043701172,33.354454040527344,22,6101,476,2319,342,5.463101863861084,269300,<1H OCEAN
-119.96577453613281,33.830448150634766,27,1640,735,2251,521,4.185366630554199,245938,NEAR OCEAN
-119.09751892089844,36.865753173828125,23,4362,700,2381,568,2.49464750289917,74315,INLAND
-118.05745697021484,33.294002532958984,23,5877,526,2184,359,5.47501277923584,271137,<1H OCEAN
-119.6527328491211,36.23208999633789,22,3545,651,2267,467,2.6148288249969482,76922,INLAND
-119.43799591064453,36.197174072265625,25,3644,652,2637,471,2.922294855117798,84779,INLAND
-119.06755065917969,36.663055419921875,25,3748,676,2604,487,2.8228023052215576,85625,INLAND
-120.87389373779297,37.18921661376953,38,3243,972,2954,1100,3.2407588958740234,207783,NEAR BAY
-121.04642486572266,36.97072219848633,34,3502,953,2659,1006,3.047518491744995,175153,NEAR BAY
-118.06373596191406,33.3127555847168,23,5863,504,2247,334,5.353668689727783,266518,<1H OCEAN
-119.63887786865234,36.44145965576172,20,4304,659,2401,514,2.557013750076294,67746,INLAND
-118.7000503540039,33.39696502685547,19,5912,448,2097,368,5.157003879547119,246718,<1H OCEAN
-119.02348327636719,36.790611267089844,25,4040,708,2456,533,2.604201555252075,81947,INLAND
-117.94404602050781,33.3448600769043,23,6025,499,2295,353,5.529899597167969,273683,<1H OCEAN
-119.04651641845703,33.62147903442383,14,5273,487,2275,359,4.999785900115967,231593,<1H OCEAN
-118.96849060058594,36.56793975830078,26,4317,718,2648,568,2.820338010787964,84646,INLAND
-121.46119689941406,36.411869049072266,32,2626,851,2586,957,2.99723482131958,152681,NEAR BAY
-119.24603271484375,36.705604553222656,23,3577,663,2272,470,2.5840489864349365,82768,INLAND
-118.32503509521484,33.473663330078125,19,6474,472,2198,426,5.6386799812316895,269408,<1H OCEAN
-121.65033721923828,36.14306640625,28,2353,775,2053,575,2.801544427871704,102544,NEAR BAY
-119.24786376953125,36.813743591308594,22,4161,678,2312,537,2.421339511871338,72303,INLAND
-118.02933502197266,33.37034225463867,22,6132,482,2289,362,5.542485237121582,271577,<1H OCEAN
-118.89827728271484,37.45159912109375,22,3853,658,2309,511,2.345769166946411,88173,INLAND
-119.67851257324219,36.44002914428711,20,3727,648,2197,490,2.4392383098602295,70754,INLAND
-118.11933135986328,33.39107894897461,22,6131,495,2210,396,5.622846603393555,273236,<1H OCEAN
-118.04927825927734,33.3162841796875,23,5921,519,2196,361,5.4972381591796875,271393,<1H OCEAN
-119.65172576904297,33.72270965576172,28,1735,836,2169,650,4.368510723114014,261666,NEAR OCEAN
-118.42294311523438,33.43879318237305,19,6241,441,2286,357,5.346890926361084,256677,<1H OCEAN
-121.35662841796875,36.60845947265625,32,3032,909,2471,937,2.901148796081543,145435,NEAR BAY
-118.61907196044922,33.57486343383789,16,5932,473,2453,317,5.102880477905273,242168,<1H OCEAN
-118.5056381225586,33.393306732177734,20,5949,501,2031,416,5.462647438049316,261985,<1H OCEAN
-117.98088836669922,33.37862777709961,22,6223,460,2379,332,5.486257076263428,269180,<1H OCEAN
-119.39944458007812,36.77277755737305,21,3813,663,2283,506,2.370657444000244,75395,INLAND
-121.6568374633789,36.23974609375,27,2761,822,2117,740,2.673021078109741,115305,NEAR BAY
-119.06957244873047,36.620201110839844,25,4210,720,2623,548,2.6966421604156494,81531,INLAND
-117.9643325805664,33.28639602661133,24,6172,578,2154,412,5.835230350494385,286281,<1H OCEAN
-118.00867462158203,33.36662673950195,22,6192,485,2270,378,5.594793319702148,274086,<1H OCEAN
-119.25303649902344,36.63494110107422,23,3922,685,2343,519,2.5572762489318848,78353,INLAND
-120.14997863769531,33.82038879394531,27,1665,767,1948,454,4.059174537658691,231338,NEAR OCEAN
-119.14555358886719,36.65171432495117,24,3826,690,2471,504,2.6701366901397705,82307,INLAND
-121.23546600341797,36.70741653442383,33,3036,892,2643,977,3.0241732597351074,167762,NEAR BAY
-118.73805236816406,33.44468307495117,18,6077,461,2065,401,5.268221855163574,250186,<1H OCEAN
-119.07251739501953,37.19110870361328,21,3933,678,2382,536,2.3114137649536133,80114,INLAND
-119.37976837158203,36.537967681884766,23,3838,675,2280,506,2.5262529850006104,76498,INLAND
-118.40028381347656,33.393157958984375,20,5918,479,2144,377,5.398181915283203,260401,<1H OCEAN
-118.22740936279297,33.379249572753906,21,6048,461,2275,348,5.4001641273498535,262175,<1H OCEAN
-118.7907943725586,37.4170036315918,22,4776,668,2565,567,2.278298854827881,72015,INLAND
-118.04747772216797,33.19478988647461,26,6216,646,2164,361,5.867498397827148,284800,<1H OCEAN
-118.15185546875,33.33256530761719,22,5888,502,2199,360,5.433568000793457,266927,<1H OCEAN
-121.68968963623047,36.18824005126953,27,2656,802,2062,716,2.666722536087036,112684,NEAR BAY
-120.16972351074219,33.819602966308594,27,1737,796,1766,431,4.051401615142822,229631,NEAR OCEAN
-118.36528778076172,33.42562484741211,20,6127,471,2162,400,5.4980034828186035,264238,<1H OCEAN
-118.0621109008789,33.36619186401367,22,6064,482,2288,356,5.501343727111816,269605,<1H OCEAN
-120.65312957763672,33.705326080322266,23,1465,649,1897,490,3.7261438369750977,208525,NEAR OCEAN
-119.9098892211914,33.865447998046875,27,1685,748,2207,505,4.223563194274902,246432,NEAR OCEAN
-118.88518524169922,37.08502197265625,25,4062,703,2370,531,2.500300645828247,82064,INLAND
-118.34556579589844,33.391109466552734,21,5962,492,2120,390,5.48601770401001,264519,<1H OCEAN
-119.33387756347656,36.19510269165039,24,4782,651,2453,562,2.9246747493743896,80847,INLAND
-118.11846160888672,33.347923278808594,22,5964,523,2121,384,5.595037937164307,272710,<1H OCEAN
-119.88774871826172,35.89141082763672,26,4442,511,2800,267,3.399761915206909,95574,INLAND
-119.25927734375,36.631038665771484,23,3944,688,2305,523,2.5104875564575195,76847,INLAND
-119.71600341796875,33.79441452026367,28,1693,813,2206,563,4.316615581512451,259517,NEAR OCEAN
-121.19752502441406,36.81476974487305,33,3308,933,2586,967,2.9675235748291016,158038,NEAR BAY
-119.07304382324219,36.957008361816406,22,4637,671,2451,558,2.375924825668335,70788,INLAND
-119.90355682373047,33.772254943847656,28,1835,849,1783,516,4.2152180671691895,245206,NEAR OCEAN
-118.41056823730469,33.282432556152344,22,5625,521,2080,339,5.194331169128418,255629,<1H OCEAN
-118.93800354003906,36.957515716552734,25,4083,709,2325,539,2.487551212310791,79969,INLAND
-119.21710205078125,37.03122329711914,21,3835,677,2353,526,2.3562989234924316,79493,INLAND
-117.83744812011719,33.306453704833984,24,6043,542,2210,374,5.677907466888428,281647,<1H OCEAN
-117.88818359375,33.31379699707031,24,6227,568,2147,421,5.92471170425415,289600,<1H OCEAN
-118.3615951538086,33.35481643676758,21,5786,463,2263,306,5.1430277824401855,251545,<1H OCEAN
-118.08776092529297,33.366485595703125,22,6078,487,2252,370,5.523477554321289,270258,<1H OCEAN
-119.08389282226562,36.73806381225586,23,4529,722,2506,583,2.6266355514526367,75396,INLAND
-118.38978576660156,33.43317413330078,19,6269,429,2317,344,5.323025226593018,256005,<1H OCEAN
-119.30665588378906,36.71597671508789,22,3818,673,2239,497,2.4418785572052,76325,INLAND
-119.27871704101562,36.63206481933594,22,4389,701,2420,559,2.5673129558563232,72561,INLAND
-120.20831298828125,33.766380310058594,25,1563,705,2164,525,4.021054744720459,233194,NEAR OCEAN
-118.09801483154297,33.31830596923828,23,5885,516,2189,358,5.456165313720703,269011,<1H OCEAN
-119.16197204589844,36.88758087158203,23,4021,683,2321,518,2.4355602264404297,76889,INLAND
-118.1351547241211,33.426116943359375,21,6350,456,2301,384,5.607285976409912,270886,<1H OCEAN
-119.666015625,34.06069564819336,30,1806,801,2072,415,4.400291919708252,252706,NEAR OCEAN
-118.80658721923828,33.41971969604492,18,6009,421,2176,335,4.999790191650391,238171,<1H OCEAN
-120.70880126953125,33.612056732177734,23,1438,693,1818,508,3.688958168029785,205998,NEAR OCEAN
-118.54154205322266,33.43305587768555,19,6099,454,2174,378,5.326930522918701,254679,<1H OCEAN
-120.46582794189453,33.545711517333984,24,1638,776,1562,557,3.8246233463287354,223447,NEAR OCEAN
-118.61819458007812,33.382266998291016,19,5777,440,2233,308,5.04029655456543,243217,<1H OCEAN
-119.1674575805664,36.90690994262695,22,4150,681,2332,532,2.3934326171875,73866,INLAND
-118.66839599609375,33.485408782958984,17,6101,457,2255,356,5.205563545227051,247498,<1H OCEAN
-119.40446472167969,36.62797164916992,21,4738,687,2544,545,2.6098101139068604,68556,INLAND
-119.6261978149414,33.92539978027344,29,1746,777,2457,509,4.400542736053467,265221,NEAR OCEAN
-118.90087127685547,36.625999450683594,27,4241,714,2776,561,2.9240214824676514,88169,INLAND
-118.37071228027344,33.412628173828125,20,6112,446,2260,355,5.362215042114258,258267,<1H OCEAN
-120.1611557006836,33.93976593017578,28,1723,756,1764,404,4.104121685028076,227208,NEAR OCEAN
-118.17955017089844,33.3923225402832,21,6179,456,2291,356,5.462782859802246,265063,<1H OCEAN
-121.82052612304688,36.00554656982422,25,2627,744,1928,551,2.5537800788879395,99370,NEAR BAY
-119.4364013671875,36.322303771972656,23,3905,683,2495,508,2.684608221054077,78731,INLAND
-119.29862213134766,36.458011627197266,23,4223,709,2530,544,2.6826579570770264,77472,INLAND
-121.38761138916016,36.473045349121094,31,2968,866,2471,890,2.8925039768218994,151123,NEAR BAY
-118.62843322753906,33.39556121826172,19,5835,452,2142,348,5.153300762176514,247250,<1H OCEAN
-118.52789306640625,33.494815826416016,18,6285,457,2314,353,5.284939289093018,251816,<1H OCEAN
-118.2570571899414,33.20844650268555,24,5988,586,2135,371,5.474088191986084,270381,<1H OCEAN
-118.4952621459961,33.474998474121094,18,6417,460,2216,398,5.438014984130859,258697,<1H OCEAN
-119.54594421386719,33.83829116821289,31,1984,909,1802,499,4.444605827331543,260848,NEAR OCEAN
-121.5693130493164,36.30000686645508,29,2821,846,2301,861,2.781679153442383,134960,NEAR BAY
-119.46455383300781,36.649147033691406,21,3846,659,2243,500,2.3771579265594482,72718,INLAND
-118.20066833496094,33.35963439941406,22,5943,492,2204,366,5.443001747131348,265755,<1H OCEAN
-118.466552734375,33.326900482177734,21,5681,475,2156,319,5.070981025695801,248977,<1H OCEAN
-121.3948745727539,36.67149353027344,30,3157,915,2288,876,2.816056251525879,128681,NEAR BAY
-119.9190902709961,33.797054290771484,28,1867,852,1677,488,4.2351274490356445,242588,NEAR OCEAN
-117.94273376464844,33.37621307373047,22,6232,508,2240,403,5.7470703125,280829,<1H OCEAN
-118.30789184570312,33.419647216796875,20,6173,448,2280,357,5.412935733795166,261154,<1H OCEAN
-118.34717559814453,33.431358337402344,20,6237,444,2275,364,5.413646221160889,260422,<1H OCEAN
-118.18317413330078,33.400699615478516,21,6156,449,2348,337,5.425349712371826,263266,<1H OCEAN
-118.45951843261719,33.363895416259766,21,5965,491,2102,387,5.313982963562012,258334,<1H OCEAN
-119.37259674072266,36.39183044433594,24,3488,624,2573,448,2.903824806213379,84408,INLAND
-119.16313934326172,36.7484245300293,24,3956,690,2307,522,2.509857177734375,78095,INLAND
-119.25098419189453,36.78202819824219,23,3912,678,2274,508,2.4457919597625732,76458,INLAND
-118.30554962158203,33.26448440551758,23,5702,531,2135,333,5.226563930511475,259392,<1H OCEAN
-118.9386215209961,37.378448486328125,22,3658,642,2389,493,2.542938470840454,94397,INLAND
-117.8124771118164,33.301971435546875,24,6132,535,2266,374,5.671319961547852,282546,<1H OCEAN
-119.1549301147461,36.747379302978516,23,4074,695,2333,540,2.5046393871307373,76814,INLAND
-121.62064361572266,36.22489547729492,29,2558,819,2160,765,2.731630802154541,118484,NEAR BAY
-119.00523376464844,36.83257293701172,24,4215,715,2434,559,2.5517234802246094,78643,INLAND
-119.22584533691406,36.1627311706543,28,5331,656,2433,407,3.386997938156128,98461,INLAND
-120.23843383789062,33.63776397705078,25,1576,786,1816,568,3.9901328086853027,231303,NEAR OCEAN
-119.31402587890625,36.81302261352539,21,3886,666,2285,506,2.3754615783691406,75346,INLAND
-119.03137969970703,36.985069274902344,24,3935,689,2302,514,2.456293821334839,80348,INLAND
-119.32929992675781,36.605934143066406,23,3970,681,2291,525,2.511430263519287,75386,INLAND
-119.43560028076172,33.74338150024414,29,1876,917,1966,661,4.501818656921387,274022,NEAR OCEAN
-118.16903686523438,33.40190505981445,21,6232,472,2235,395,5.589881896972656,270748,<1H OCEAN
-118.42115783691406,33.57220458984375,17,6433,459,2468,339,5.341946601867676,253580,<1H OCEAN
-117.8148193359375,33.301631927490234,24,6168,525,2304,365,5.618559837341309,280999,<1H OCEAN
-120.42850494384766,33.715492248535156,26,1713,769,1524,478,3.9313695430755615,218159,NEAR OCEAN
-118.30181884765625,33.449134826660156,19,6393,435,2343,353,5.414773464202881,260567,<1H OCEAN
